{
  "type": "FeatureCollection",
  "features": [
    {
      "type": "Feature",
      "properties": {
        "block_id": "PBLK-00-00",
        "mine_id": "MINE-001",
        "center_lat": 21.515535,
        "center_lon": 79.67283499999999,
        "dist_to_fault_km": 0.41,
        "ndvi": 0.49,
        "lst_c": 34.7,
        "sar_coherence": 0.75,
        "prospectivity_score": 0.724,
        "prospectivity_category": "High",
        "synthetic_training_label": 1
      },
      "geometry": {
        "type": "Polygon",
        "coordinates": [
          [
            [
              79.6715,
              21.5142
            ],
            [
              79.67417,
              21.5142
            ],
            [
              79.67417,
              21.51687
            ],
            [
              79.6715,
              21.51687
            ],
            [
              79.6715,
              21.5142
            ]
          ]
        ]
      }
    },
    {
      "type": "Feature",
      "properties": {
        "block_id": "PBLK-00-01",
        "mine_id": "MINE-001",
        "center_lat": 21.518205000000002,
        "center_lon": 79.67283499999999,
        "dist_to_fault_km": 0.12,
        "ndvi": 0.56,
        "lst_c": 32.8,
        "sar_coherence": 0.65,
        "prospectivity_score": 0.98,
        "prospectivity_category": "High",
        "synthetic_training_label": 1
      },
      "geometry": {
        "type": "Polygon",
        "coordinates": [
          [
            [
              79.6715,
              21.51687
            ],
            [
              79.67417,
              21.51687
            ],
            [
              79.67417,
              21.51954
            ],
            [
              79.6715,
              21.51954
            ],
            [
              79.6715,
              21.51687
            ]
          ]
        ]
      }
    },
    {
      "type": "Feature",
      "properties": {
        "block_id": "PBLK-00-02",
        "mine_id": "MINE-001",
        "center_lat": 21.520865,
        "center_lon": 79.67283499999999,
        "dist_to_fault_km": 0.18,
        "ndvi": 0.49,
        "lst_c": 34.8,
        "sar_coherence": 0.83,
        "prospectivity_score": 0.878,
        "prospectivity_category": "High",
        "synthetic_training_label": 1
      },
      "geometry": {
        "type": "Polygon",
        "coordinates": [
          [
            [
              79.6715,
              21.51953
            ],
            [
              79.67417,
              21.51953
            ],
            [
              79.67417,
              21.5222
            ],
            [
              79.6715,
              21.5222
            ],
            [
              79.6715,
              21.51953
            ]
          ]
        ]
      }
    },
    {
      "type": "Feature",
      "properties": {
        "block_id": "PBLK-00-03",
        "mine_id": "MINE-001",
        "center_lat": 21.523535000000003,
        "center_lon": 79.67283499999999,
        "dist_to_fault_km": 0.47,
        "ndvi": 0.57,
        "lst_c": 30.2,
        "sar_coherence": 0.86,
        "prospectivity_score": 0.887,
        "prospectivity_category": "High",
        "synthetic_training_label": 1
      },
      "geometry": {
        "type": "Polygon",
        "coordinates": [
          [
            [
              79.6715,
              21.5222
            ],
            [
              79.67417,
              21.5222
            ],
            [
              79.67417,
              21.52487
            ],
            [
              79.6715,
              21.52487
            ],
            [
              79.6715,
              21.5222
            ]
          ]
        ]
      }
    },
    {
      "type": "Feature",
      "properties": {
        "block_id": "PBLK-00-04",
        "mine_id": "MINE-001",
        "center_lat": 21.526204999999997,
        "center_lon": 79.67283499999999,
        "dist_to_fault_km": 0.77,
        "ndvi": 0.44,
        "lst_c": 31.6,
        "sar_coherence": 0.68,
        "prospectivity_score": 0.5,
        "prospectivity_category": "Medium",
        "synthetic_training_label": 1
      },
      "geometry": {
        "type": "Polygon",
        "coordinates": [
          [
            [
              79.6715,
              21.52487
            ],
            [
              79.67417,
              21.52487
            ],
            [
              79.67417,
              21.52754
            ],
            [
              79.6715,
              21.52754
            ],
            [
              79.6715,
              21.52487
            ]
          ]
        ]
      }
    },
    {
      "type": "Feature",
      "properties": {
        "block_id": "PBLK-00-05",
        "mine_id": "MINE-001",
        "center_lat": 21.528865,
        "center_lon": 79.67283499999999,
        "dist_to_fault_km": 1.07,
        "ndvi": 0.43,
        "lst_c": 34.1,
        "sar_coherence": 0.64,
        "prospectivity_score": 0.308,
        "prospectivity_category": "Low",
        "synthetic_training_label": 0
      },
      "geometry": {
        "type": "Polygon",
        "coordinates": [
          [
            [
              79.6715,
              21.52753
            ],
            [
              79.67417,
              21.52753
            ],
            [
              79.67417,
              21.5302
            ],
            [
              79.6715,
              21.5302
            ],
            [
              79.6715,
              21.52753
            ]
          ]
        ]
      }
    },
    {
      "type": "Feature",
      "properties": {
        "block_id": "PBLK-00-06",
        "mine_id": "MINE-001",
        "center_lat": 21.531534999999998,
        "center_lon": 79.67283499999999,
        "dist_to_fault_km": 1.36,
        "ndvi": 0.45,
        "lst_c": 32.3,
        "sar_coherence": 0.76,
        "prospectivity_score": 0.186,
        "prospectivity_category": "Insufficient evidence",
        "synthetic_training_label": 0
      },
      "geometry": {
        "type": "Polygon",
        "coordinates": [
          [
            [
              79.6715,
              21.5302
            ],
            [
              79.67417,
              21.5302
            ],
            [
              79.67417,
              21.53287
            ],
            [
              79.6715,
              21.53287
            ],
            [
              79.6715,
              21.5302
            ]
          ]
        ]
      }
    },
    {
      "type": "Feature",
      "properties": {
        "block_id": "PBLK-00-07",
        "mine_id": "MINE-001",
        "center_lat": 21.534205,
        "center_lon": 79.67283499999999,
        "dist_to_fault_km": 1.66,
        "ndvi": 0.56,
        "lst_c": 33.1,
        "sar_coherence": 0.63,
        "prospectivity_score": 0.02,
        "prospectivity_category": "Insufficient evidence",
        "synthetic_training_label": 0
      },
      "geometry": {
        "type": "Polygon",
        "coordinates": [
          [
            [
              79.6715,
              21.53287
            ],
            [
              79.67417,
              21.53287
            ],
            [
              79.67417,
              21.53554
            ],
            [
              79.6715,
              21.53554
            ],
            [
              79.6715,
              21.53287
            ]
          ]
        ]
      }
    },
    {
      "type": "Feature",
      "properties": {
        "block_id": "PBLK-00-08",
        "mine_id": "MINE-001",
        "center_lat": 21.536865,
        "center_lon": 79.67283499999999,
        "dist_to_fault_km": 1.95,
        "ndvi": 0.43,
        "lst_c": 32.2,
        "sar_coherence": 0.72,
        "prospectivity_score": 0.02,
        "prospectivity_category": "Insufficient evidence",
        "synthetic_training_label": 0
      },
      "geometry": {
        "type": "Polygon",
        "coordinates": [
          [
            [
              79.6715,
              21.53553
            ],
            [
              79.67417,
              21.53553
            ],
            [
              79.67417,
              21.5382
            ],
            [
              79.6715,
              21.5382
            ],
            [
              79.6715,
              21.53553
            ]
          ]
        ]
      }
    },
    {
      "type": "Feature",
      "properties": {
        "block_id": "PBLK-00-09",
        "mine_id": "MINE-001",
        "center_lat": 21.539535,
        "center_lon": 79.67283499999999,
        "dist_to_fault_km": 2.25,
        "ndvi": 0.48,
        "lst_c": 30.9,
        "sar_coherence": 0.67,
        "prospectivity_score": 0.02,
        "prospectivity_category": "Insufficient evidence",
        "synthetic_training_label": 0
      },
      "geometry": {
        "type": "Polygon",
        "coordinates": [
          [
            [
              79.6715,
              21.5382
            ],
            [
              79.67417,
              21.5382
            ],
            [
              79.67417,
              21.54087
            ],
            [
              79.6715,
              21.54087
            ],
            [
              79.6715,
              21.5382
            ]
          ]
        ]
      }
    },
    {
      "type": "Feature",
      "properties": {
        "block_id": "PBLK-00-10",
        "mine_id": "MINE-001",
        "center_lat": 21.542205000000003,
        "center_lon": 79.67283499999999,
        "dist_to_fault_km": 2.55,
        "ndvi": 0.52,
        "lst_c": 32.1,
        "sar_coherence": 0.75,
        "prospectivity_score": 0.02,
        "prospectivity_category": "Insufficient evidence",
        "synthetic_training_label": 0
      },
      "geometry": {
        "type": "Polygon",
        "coordinates": [
          [
            [
              79.6715,
              21.54087
            ],
            [
              79.67417,
              21.54087
            ],
            [
              79.67417,
              21.54354
            ],
            [
              79.6715,
              21.54354
            ],
            [
              79.6715,
              21.54087
            ]
          ]
        ]
      }
    },
    {
      "type": "Feature",
      "properties": {
        "block_id": "PBLK-00-11",
        "mine_id": "MINE-001",
        "center_lat": 21.544865,
        "center_lon": 79.67283499999999,
        "dist_to_fault_km": 2.84,
        "ndvi": 0.57,
        "lst_c": 31.3,
        "sar_coherence": 0.75,
        "prospectivity_score": 0.02,
        "prospectivity_category": "Insufficient evidence",
        "synthetic_training_label": 0
      },
      "geometry": {
        "type": "Polygon",
        "coordinates": [
          [
            [
              79.6715,
              21.54353
            ],
            [
              79.67417,
              21.54353
            ],
            [
              79.67417,
              21.5462
            ],
            [
              79.6715,
              21.5462
            ],
            [
              79.6715,
              21.54353
            ]
          ]
        ]
      }
    },
    {
      "type": "Feature",
      "properties": {
        "block_id": "PBLK-00-12",
        "mine_id": "MINE-001",
        "center_lat": 21.547535,
        "center_lon": 79.67283499999999,
        "dist_to_fault_km": 3.14,
        "ndvi": 0.6,
        "lst_c": 31.7,
        "sar_coherence": 0.78,
        "prospectivity_score": 0.02,
        "prospectivity_category": "Insufficient evidence",
        "synthetic_training_label": 0
      },
      "geometry": {
        "type": "Polygon",
        "coordinates": [
          [
            [
              79.6715,
              21.5462
            ],
            [
              79.67417,
              21.5462
            ],
            [
              79.67417,
              21.54887
            ],
            [
              79.6715,
              21.54887
            ],
            [
              79.6715,
              21.5462
            ]
          ]
        ]
      }
    },
    {
      "type": "Feature",
      "properties": {
        "block_id": "PBLK-00-13",
        "mine_id": "MINE-001",
        "center_lat": 21.550205,
        "center_lon": 79.67283499999999,
        "dist_to_fault_km": 3.43,
        "ndvi": 0.42,
        "lst_c": 34.8,
        "sar_coherence": 0.81,
        "prospectivity_score": 0.02,
        "prospectivity_category": "Insufficient evidence",
        "synthetic_training_label": 0
      },
      "geometry": {
        "type": "Polygon",
        "coordinates": [
          [
            [
              79.6715,
              21.54887
            ],
            [
              79.67417,
              21.54887
            ],
            [
              79.67417,
              21.55154
            ],
            [
              79.6715,
              21.55154
            ],
            [
              79.6715,
              21.54887
            ]
          ]
        ]
      }
    },
    {
      "type": "Feature",
      "properties": {
        "block_id": "PBLK-00-14",
        "mine_id": "MINE-001",
        "center_lat": 21.552865,
        "center_lon": 79.67283499999999,
        "dist_to_fault_km": 3.73,
        "ndvi": 0.56,
        "lst_c": 33.5,
        "sar_coherence": 0.78,
        "prospectivity_score": 0.02,
        "prospectivity_category": "Insufficient evidence",
        "synthetic_training_label": 0
      },
      "geometry": {
        "type": "Polygon",
        "coordinates": [
          [
            [
              79.6715,
              21.55153
            ],
            [
              79.67417,
              21.55153
            ],
            [
              79.67417,
              21.5542
            ],
            [
              79.6715,
              21.5542
            ],
            [
              79.6715,
              21.55153
            ]
          ]
        ]
      }
    },
    {
      "type": "Feature",
      "properties": {
        "block_id": "PBLK-01-00",
        "mine_id": "MINE-001",
        "center_lat": 21.515535,
        "center_lon": 79.675505,
        "dist_to_fault_km": 0.65,
        "ndvi": 0.5,
        "lst_c": 34.7,
        "sar_coherence": 0.77,
        "prospectivity_score": 0.699,
        "prospectivity_category": "Medium",
        "synthetic_training_label": 1
      },
      "geometry": {
        "type": "Polygon",
        "coordinates": [
          [
            [
              79.67417,
              21.5142
            ],
            [
              79.67684,
              21.5142
            ],
            [
              79.67684,
              21.51687
            ],
            [
              79.67417,
              21.51687
            ],
            [
              79.67417,
              21.5142
            ]
          ]
        ]
      }
    },
    {
      "type": "Feature",
      "properties": {
        "block_id": "PBLK-01-01",
        "mine_id": "MINE-001",
        "center_lat": 21.518205000000002,
        "center_lon": 79.675505,
        "dist_to_fault_km": 0.36,
        "ndvi": 0.51,
        "lst_c": 32.3,
        "sar_coherence": 0.66,
        "prospectivity_score": 0.774,
        "prospectivity_category": "High",
        "synthetic_training_label": 1
      },
      "geometry": {
        "type": "Polygon",
        "coordinates": [
          [
            [
              79.67417,
              21.51687
            ],
            [
              79.67684,
              21.51687
            ],
            [
              79.67684,
              21.51954
            ],
            [
              79.67417,
              21.51954
            ],
            [
              79.67417,
              21.51687
            ]
          ]
        ]
      }
    },
    {
      "type": "Feature",
      "properties": {
        "block_id": "PBLK-01-02",
        "mine_id": "MINE-001",
        "center_lat": 21.520865,
        "center_lon": 79.675505,
        "dist_to_fault_km": 0.06,
        "ndvi": 0.49,
        "lst_c": 34.9,
        "sar_coherence": 0.71,
        "prospectivity_score": 0.774,
        "prospectivity_category": "High",
        "synthetic_training_label": 1
      },
      "geometry": {
        "type": "Polygon",
        "coordinates": [
          [
            [
              79.67417,
              21.51953
            ],
            [
              79.67684,
              21.51953
            ],
            [
              79.67684,
              21.5222
            ],
            [
              79.67417,
              21.5222
            ],
            [
              79.67417,
              21.51953
            ]
          ]
        ]
      }
    },
    {
      "type": "Feature",
      "properties": {
        "block_id": "PBLK-01-03",
        "mine_id": "MINE-001",
        "center_lat": 21.523535000000003,
        "center_lon": 79.675505,
        "dist_to_fault_km": 0.24,
        "ndvi": 0.49,
        "lst_c": 30.7,
        "sar_coherence": 0.61,
        "prospectivity_score": 0.873,
        "prospectivity_category": "High",
        "synthetic_training_label": 1
      },
      "geometry": {
        "type": "Polygon",
        "coordinates": [
          [
            [
              79.67417,
              21.5222
            ],
            [
              79.67684,
              21.5222
            ],
            [
              79.67684,
              21.52487
            ],
            [
              79.67417,
              21.52487
            ],
            [
              79.67417,
              21.5222
            ]
          ]
        ]
      }
    },
    {
      "type": "Feature",
      "properties": {
        "block_id": "PBLK-01-04",
        "mine_id": "MINE-001",
        "center_lat": 21.526204999999997,
        "center_lon": 79.675505,
        "dist_to_fault_km": 0.53,
        "ndvi": 0.55,
        "lst_c": 30.7,
        "sar_coherence": 0.77,
        "prospectivity_score": 0.71,
        "prospectivity_category": "High",
        "synthetic_training_label": 1
      },
      "geometry": {
        "type": "Polygon",
        "coordinates": [
          [
            [
              79.67417,
              21.52487
            ],
            [
              79.67684,
              21.52487
            ],
            [
              79.67684,
              21.52754
            ],
            [
              79.67417,
              21.52754
            ],
            [
              79.67417,
              21.52487
            ]
          ]
        ]
      }
    },
    {
      "type": "Feature",
      "properties": {
        "block_id": "PBLK-01-05",
        "mine_id": "MINE-001",
        "center_lat": 21.528865,
        "center_lon": 79.675505,
        "dist_to_fault_km": 0.83,
        "ndvi": 0.45,
        "lst_c": 30.1,
        "sar_coherence": 0.64,
        "prospectivity_score": 0.619,
        "prospectivity_category": "Medium",
        "synthetic_training_label": 0
      },
      "geometry": {
        "type": "Polygon",
        "coordinates": [
          [
            [
              79.67417,
              21.52753
            ],
            [
              79.67684,
              21.52753
            ],
            [
              79.67684,
              21.5302
            ],
            [
              79.67417,
              21.5302
            ],
            [
              79.67417,
              21.52753
            ]
          ]
        ]
      }
    },
    {
      "type": "Feature",
      "properties": {
        "block_id": "PBLK-01-06",
        "mine_id": "MINE-001",
        "center_lat": 21.531534999999998,
        "center_lon": 79.675505,
        "dist_to_fault_km": 1.12,
        "ndvi": 0.6,
        "lst_c": 31.5,
        "sar_coherence": 0.64,
        "prospectivity_score": 0.268,
        "prospectivity_category": "Low",
        "synthetic_training_label": 0
      },
      "geometry": {
        "type": "Polygon",
        "coordinates": [
          [
            [
              79.67417,
              21.5302
            ],
            [
              79.67684,
              21.5302
            ],
            [
              79.67684,
              21.53287
            ],
            [
              79.67417,
              21.53287
            ],
            [
              79.67417,
              21.5302
            ]
          ]
        ]
      }
    },
    {
      "type": "Feature",
      "properties": {
        "block_id": "PBLK-01-07",
        "mine_id": "MINE-001",
        "center_lat": 21.534205,
        "center_lon": 79.675505,
        "dist_to_fault_km": 1.42,
        "ndvi": 0.44,
        "lst_c": 32.9,
        "sar_coherence": 0.62,
        "prospectivity_score": 0.118,
        "prospectivity_category": "Insufficient evidence",
        "synthetic_training_label": 0
      },
      "geometry": {
        "type": "Polygon",
        "coordinates": [
          [
            [
              79.67417,
              21.53287
            ],
            [
              79.67684,
              21.53287
            ],
            [
              79.67684,
              21.53554
            ],
            [
              79.67417,
              21.53554
            ],
            [
              79.67417,
              21.53287
            ]
          ]
        ]
      }
    },
    {
      "type": "Feature",
      "properties": {
        "block_id": "PBLK-01-08",
        "mine_id": "MINE-001",
        "center_lat": 21.536865,
        "center_lon": 79.675505,
        "dist_to_fault_km": 1.72,
        "ndvi": 0.4,
        "lst_c": 33.2,
        "sar_coherence": 0.72,
        "prospectivity_score": 0.02,
        "prospectivity_category": "Insufficient evidence",
        "synthetic_training_label": 0
      },
      "geometry": {
        "type": "Polygon",
        "coordinates": [
          [
            [
              79.67417,
              21.53553
            ],
            [
              79.67684,
              21.53553
            ],
            [
              79.67684,
              21.5382
            ],
            [
              79.67417,
              21.5382
            ],
            [
              79.67417,
              21.53553
            ]
          ]
        ]
      }
    },
    {
      "type": "Feature",
      "properties": {
        "block_id": "PBLK-01-09",
        "mine_id": "MINE-001",
        "center_lat": 21.539535,
        "center_lon": 79.675505,
        "dist_to_fault_km": 2.01,
        "ndvi": 0.45,
        "lst_c": 31.0,
        "sar_coherence": 0.8,
        "prospectivity_score": 0.02,
        "prospectivity_category": "Insufficient evidence",
        "synthetic_training_label": 0
      },
      "geometry": {
        "type": "Polygon",
        "coordinates": [
          [
            [
              79.67417,
              21.5382
            ],
            [
              79.67684,
              21.5382
            ],
            [
              79.67684,
              21.54087
            ],
            [
              79.67417,
              21.54087
            ],
            [
              79.67417,
              21.5382
            ]
          ]
        ]
      }
    },
    {
      "type": "Feature",
      "properties": {
        "block_id": "PBLK-01-10",
        "mine_id": "MINE-001",
        "center_lat": 21.542205000000003,
        "center_lon": 79.675505,
        "dist_to_fault_km": 2.31,
        "ndvi": 0.54,
        "lst_c": 32.8,
        "sar_coherence": 0.86,
        "prospectivity_score": 0.02,
        "prospectivity_category": "Insufficient evidence",
        "synthetic_training_label": 0
      },
      "geometry": {
        "type": "Polygon",
        "coordinates": [
          [
            [
              79.67417,
              21.54087
            ],
            [
              79.67684,
              21.54087
            ],
            [
              79.67684,
              21.54354
            ],
            [
              79.67417,
              21.54354
            ],
            [
              79.67417,
              21.54087
            ]
          ]
        ]
      }
    },
    {
      "type": "Feature",
      "properties": {
        "block_id": "PBLK-01-11",
        "mine_id": "MINE-001",
        "center_lat": 21.544865,
        "center_lon": 79.675505,
        "dist_to_fault_km": 2.6,
        "ndvi": 0.42,
        "lst_c": 33.9,
        "sar_coherence": 0.8,
        "prospectivity_score": 0.02,
        "prospectivity_category": "Insufficient evidence",
        "synthetic_training_label": 0
      },
      "geometry": {
        "type": "Polygon",
        "coordinates": [
          [
            [
              79.67417,
              21.54353
            ],
            [
              79.67684,
              21.54353
            ],
            [
              79.67684,
              21.5462
            ],
            [
              79.67417,
              21.5462
            ],
            [
              79.67417,
              21.54353
            ]
          ]
        ]
      }
    },
    {
      "type": "Feature",
      "properties": {
        "block_id": "PBLK-01-12",
        "mine_id": "MINE-001",
        "center_lat": 21.547535,
        "center_lon": 79.675505,
        "dist_to_fault_km": 2.9,
        "ndvi": 0.49,
        "lst_c": 34.7,
        "sar_coherence": 0.64,
        "prospectivity_score": 0.02,
        "prospectivity_category": "Insufficient evidence",
        "synthetic_training_label": 0
      },
      "geometry": {
        "type": "Polygon",
        "coordinates": [
          [
            [
              79.67417,
              21.5462
            ],
            [
              79.67684,
              21.5462
            ],
            [
              79.67684,
              21.54887
            ],
            [
              79.67417,
              21.54887
            ],
            [
              79.67417,
              21.5462
            ]
          ]
        ]
      }
    },
    {
      "type": "Feature",
      "properties": {
        "block_id": "PBLK-01-13",
        "mine_id": "MINE-001",
        "center_lat": 21.550205,
        "center_lon": 79.675505,
        "dist_to_fault_km": 3.2,
        "ndvi": 0.53,
        "lst_c": 31.9,
        "sar_coherence": 0.89,
        "prospectivity_score": 0.02,
        "prospectivity_category": "Insufficient evidence",
        "synthetic_training_label": 0
      },
      "geometry": {
        "type": "Polygon",
        "coordinates": [
          [
            [
              79.67417,
              21.54887
            ],
            [
              79.67684,
              21.54887
            ],
            [
              79.67684,
              21.55154
            ],
            [
              79.67417,
              21.55154
            ],
            [
              79.67417,
              21.54887
            ]
          ]
        ]
      }
    },
    {
      "type": "Feature",
      "properties": {
        "block_id": "PBLK-01-14",
        "mine_id": "MINE-001",
        "center_lat": 21.552865,
        "center_lon": 79.675505,
        "dist_to_fault_km": 3.49,
        "ndvi": 0.58,
        "lst_c": 31.4,
        "sar_coherence": 0.84,
        "prospectivity_score": 0.02,
        "prospectivity_category": "Insufficient evidence",
        "synthetic_training_label": 0
      },
      "geometry": {
        "type": "Polygon",
        "coordinates": [
          [
            [
              79.67417,
              21.55153
            ],
            [
              79.67684,
              21.55153
            ],
            [
              79.67684,
              21.5542
            ],
            [
              79.67417,
              21.5542
            ],
            [
              79.67417,
              21.55153
            ]
          ]
        ]
      }
    },
    {
      "type": "Feature",
      "properties": {
        "block_id": "PBLK-02-00",
        "mine_id": "MINE-001",
        "center_lat": 21.515535,
        "center_lon": 79.678165,
        "dist_to_fault_km": 0.89,
        "ndvi": 0.45,
        "lst_c": 32.2,
        "sar_coherence": 0.76,
        "prospectivity_score": 0.46,
        "prospectivity_category": "Medium",
        "synthetic_training_label": 1
      },
      "geometry": {
        "type": "Polygon",
        "coordinates": [
          [
            [
              79.67683,
              21.5142
            ],
            [
              79.6795,
              21.5142
            ],
            [
              79.6795,
              21.51687
            ],
            [
              79.67683,
              21.51687
            ],
            [
              79.67683,
              21.5142
            ]
          ]
        ]
      }
    },
    {
      "type": "Feature",
      "properties": {
        "block_id": "PBLK-02-01",
        "mine_id": "MINE-001",
        "center_lat": 21.518205000000002,
        "center_lon": 79.678165,
        "dist_to_fault_km": 0.59,
        "ndvi": 0.43,
        "lst_c": 34.4,
        "sar_coherence": 0.81,
        "prospectivity_score": 0.587,
        "prospectivity_category": "Medium",
        "synthetic_training_label": 0
      },
      "geometry": {
        "type": "Polygon",
        "coordinates": [
          [
            [
              79.67683,
              21.51687
            ],
            [
              79.6795,
              21.51687
            ],
            [
              79.6795,
              21.51954
            ],
            [
              79.67683,
              21.51954
            ],
            [
              79.67683,
              21.51687
            ]
          ]
        ]
      }
    },
    {
      "type": "Feature",
      "properties": {
        "block_id": "PBLK-02-02",
        "mine_id": "MINE-001",
        "center_lat": 21.520865,
        "center_lon": 79.678165,
        "dist_to_fault_km": 0.3,
        "ndvi": 0.42,
        "lst_c": 33.3,
        "sar_coherence": 0.8,
        "prospectivity_score": 0.748,
        "prospectivity_category": "High",
        "synthetic_training_label": 1
      },
      "geometry": {
        "type": "Polygon",
        "coordinates": [
          [
            [
              79.67683,
              21.51953
            ],
            [
              79.6795,
              21.51953
            ],
            [
              79.6795,
              21.5222
            ],
            [
              79.67683,
              21.5222
            ],
            [
              79.67683,
              21.51953
            ]
          ]
        ]
      }
    },
    {
      "type": "Feature",
      "properties": {
        "block_id": "PBLK-02-03",
        "mine_id": "MINE-001",
        "center_lat": 21.523535000000003,
        "center_lon": 79.678165,
        "dist_to_fault_km": 0.0,
        "ndvi": 0.59,
        "lst_c": 33.6,
        "sar_coherence": 0.83,
        "prospectivity_score": 0.98,
        "prospectivity_category": "High",
        "synthetic_training_label": 1
      },
      "geometry": {
        "type": "Polygon",
        "coordinates": [
          [
            [
              79.67683,
              21.5222
            ],
            [
              79.6795,
              21.5222
            ],
            [
              79.6795,
              21.52487
            ],
            [
              79.67683,
              21.52487
            ],
            [
              79.67683,
              21.5222
            ]
          ]
        ]
      }
    },
    {
      "type": "Feature",
      "properties": {
        "block_id": "PBLK-02-04",
        "mine_id": "MINE-001",
        "center_lat": 21.526204999999997,
        "center_lon": 79.678165,
        "dist_to_fault_km": 0.3,
        "ndvi": 0.42,
        "lst_c": 32.6,
        "sar_coherence": 0.67,
        "prospectivity_score": 0.815,
        "prospectivity_category": "High",
        "synthetic_training_label": 1
      },
      "geometry": {
        "type": "Polygon",
        "coordinates": [
          [
            [
              79.67683,
              21.52487
            ],
            [
              79.6795,
              21.52487
            ],
            [
              79.6795,
              21.52754
            ],
            [
              79.67683,
              21.52754
            ],
            [
              79.67683,
              21.52487
            ]
          ]
        ]
      }
    },
    {
      "type": "Feature",
      "properties": {
        "block_id": "PBLK-02-05",
        "mine_id": "MINE-001",
        "center_lat": 21.528865,
        "center_lon": 79.678165,
        "dist_to_fault_km": 0.59,
        "ndvi": 0.49,
        "lst_c": 34.7,
        "sar_coherence": 0.66,
        "prospectivity_score": 0.683,
        "prospectivity_category": "Medium",
        "synthetic_training_label": 0
      },
      "geometry": {
        "type": "Polygon",
        "coordinates": [
          [
            [
              79.67683,
              21.52753
            ],
            [
              79.6795,
              21.52753
            ],
            [
              79.6795,
              21.5302
            ],
            [
              79.67683,
              21.5302
            ],
            [
              79.67683,
              21.52753
            ]
          ]
        ]
      }
    },
    {
      "type": "Feature",
      "properties": {
        "block_id": "PBLK-02-06",
        "mine_id": "MINE-001",
        "center_lat": 21.531534999999998,
        "center_lon": 79.678165,
        "dist_to_fault_km": 0.89,
        "ndvi": 0.6,
        "lst_c": 32.8,
        "sar_coherence": 0.65,
        "prospectivity_score": 0.427,
        "prospectivity_category": "Medium",
        "synthetic_training_label": 1
      },
      "geometry": {
        "type": "Polygon",
        "coordinates": [
          [
            [
              79.67683,
              21.5302
            ],
            [
              79.6795,
              21.5302
            ],
            [
              79.6795,
              21.53287
            ],
            [
              79.67683,
              21.53287
            ],
            [
              79.67683,
              21.5302
            ]
          ]
        ]
      }
    },
    {
      "type": "Feature",
      "properties": {
        "block_id": "PBLK-02-07",
        "mine_id": "MINE-001",
        "center_lat": 21.534205,
        "center_lon": 79.678165,
        "dist_to_fault_km": 1.18,
        "ndvi": 0.46,
        "lst_c": 31.4,
        "sar_coherence": 0.89,
        "prospectivity_score": 0.23,
        "prospectivity_category": "Low",
        "synthetic_training_label": 0
      },
      "geometry": {
        "type": "Polygon",
        "coordinates": [
          [
            [
              79.67683,
              21.53287
            ],
            [
              79.6795,
              21.53287
            ],
            [
              79.6795,
              21.53554
            ],
            [
              79.67683,
              21.53554
            ],
            [
              79.67683,
              21.53287
            ]
          ]
        ]
      }
    },
    {
      "type": "Feature",
      "properties": {
        "block_id": "PBLK-02-08",
        "mine_id": "MINE-001",
        "center_lat": 21.536865,
        "center_lon": 79.678165,
        "dist_to_fault_km": 1.48,
        "ndvi": 0.43,
        "lst_c": 33.7,
        "sar_coherence": 0.6,
        "prospectivity_score": 0.02,
        "prospectivity_category": "Insufficient evidence",
        "synthetic_training_label": 0
      },
      "geometry": {
        "type": "Polygon",
        "coordinates": [
          [
            [
              79.67683,
              21.53553
            ],
            [
              79.6795,
              21.53553
            ],
            [
              79.6795,
              21.5382
            ],
            [
              79.67683,
              21.5382
            ],
            [
              79.67683,
              21.53553
            ]
          ]
        ]
      }
    },
    {
      "type": "Feature",
      "properties": {
        "block_id": "PBLK-02-09",
        "mine_id": "MINE-001",
        "center_lat": 21.539535,
        "center_lon": 79.678165,
        "dist_to_fault_km": 1.78,
        "ndvi": 0.46,
        "lst_c": 30.9,
        "sar_coherence": 0.8,
        "prospectivity_score": 0.02,
        "prospectivity_category": "Insufficient evidence",
        "synthetic_training_label": 0
      },
      "geometry": {
        "type": "Polygon",
        "coordinates": [
          [
            [
              79.67683,
              21.5382
            ],
            [
              79.6795,
              21.5382
            ],
            [
              79.6795,
              21.54087
            ],
            [
              79.67683,
              21.54087
            ],
            [
              79.67683,
              21.5382
            ]
          ]
        ]
      }
    },
    {
      "type": "Feature",
      "properties": {
        "block_id": "PBLK-02-10",
        "mine_id": "MINE-001",
        "center_lat": 21.542205000000003,
        "center_lon": 79.678165,
        "dist_to_fault_km": 2.07,
        "ndvi": 0.54,
        "lst_c": 33.4,
        "sar_coherence": 0.7,
        "prospectivity_score": 0.02,
        "prospectivity_category": "Insufficient evidence",
        "synthetic_training_label": 0
      },
      "geometry": {
        "type": "Polygon",
        "coordinates": [
          [
            [
              79.67683,
              21.54087
            ],
            [
              79.6795,
              21.54087
            ],
            [
              79.6795,
              21.54354
            ],
            [
              79.67683,
              21.54354
            ],
            [
              79.67683,
              21.54087
            ]
          ]
        ]
      }
    },
    {
      "type": "Feature",
      "properties": {
        "block_id": "PBLK-02-11",
        "mine_id": "MINE-001",
        "center_lat": 21.544865,
        "center_lon": 79.678165,
        "dist_to_fault_km": 2.37,
        "ndvi": 0.57,
        "lst_c": 32.3,
        "sar_coherence": 0.73,
        "prospectivity_score": 0.02,
        "prospectivity_category": "Insufficient evidence",
        "synthetic_training_label": 0
      },
      "geometry": {
        "type": "Polygon",
        "coordinates": [
          [
            [
              79.67683,
              21.54353
            ],
            [
              79.6795,
              21.54353
            ],
            [
              79.6795,
              21.5462
            ],
            [
              79.67683,
              21.5462
            ],
            [
              79.67683,
              21.54353
            ]
          ]
        ]
      }
    },
    {
      "type": "Feature",
      "properties": {
        "block_id": "PBLK-02-12",
        "mine_id": "MINE-001",
        "center_lat": 21.547535,
        "center_lon": 79.678165,
        "dist_to_fault_km": 2.66,
        "ndvi": 0.43,
        "lst_c": 32.1,
        "sar_coherence": 0.76,
        "prospectivity_score": 0.02,
        "prospectivity_category": "Insufficient evidence",
        "synthetic_training_label": 0
      },
      "geometry": {
        "type": "Polygon",
        "coordinates": [
          [
            [
              79.67683,
              21.5462
            ],
            [
              79.6795,
              21.5462
            ],
            [
              79.6795,
              21.54887
            ],
            [
              79.67683,
              21.54887
            ],
            [
              79.67683,
              21.5462
            ]
          ]
        ]
      }
    },
    {
      "type": "Feature",
      "properties": {
        "block_id": "PBLK-02-13",
        "mine_id": "MINE-001",
        "center_lat": 21.550205,
        "center_lon": 79.678165,
        "dist_to_fault_km": 2.96,
        "ndvi": 0.56,
        "lst_c": 33.4,
        "sar_coherence": 0.79,
        "prospectivity_score": 0.02,
        "prospectivity_category": "Insufficient evidence",
        "synthetic_training_label": 0
      },
      "geometry": {
        "type": "Polygon",
        "coordinates": [
          [
            [
              79.67683,
              21.54887
            ],
            [
              79.6795,
              21.54887
            ],
            [
              79.6795,
              21.55154
            ],
            [
              79.67683,
              21.55154
            ],
            [
              79.67683,
              21.54887
            ]
          ]
        ]
      }
    },
    {
      "type": "Feature",
      "properties": {
        "block_id": "PBLK-02-14",
        "mine_id": "MINE-001",
        "center_lat": 21.552865,
        "center_lon": 79.678165,
        "dist_to_fault_km": 3.26,
        "ndvi": 0.58,
        "lst_c": 30.1,
        "sar_coherence": 0.77,
        "prospectivity_score": 0.02,
        "prospectivity_category": "Insufficient evidence",
        "synthetic_training_label": 0
      },
      "geometry": {
        "type": "Polygon",
        "coordinates": [
          [
            [
              79.67683,
              21.55153
            ],
            [
              79.6795,
              21.55153
            ],
            [
              79.6795,
              21.5542
            ],
            [
              79.67683,
              21.5542
            ],
            [
              79.67683,
              21.55153
            ]
          ]
        ]
      }
    },
    {
      "type": "Feature",
      "properties": {
        "block_id": "PBLK-03-00",
        "mine_id": "MINE-001",
        "center_lat": 21.515535,
        "center_lon": 79.680835,
        "dist_to_fault_km": 1.12,
        "ndvi": 0.46,
        "lst_c": 30.7,
        "sar_coherence": 0.87,
        "prospectivity_score": 0.341,
        "prospectivity_category": "Low",
        "synthetic_training_label": 0
      },
      "geometry": {
        "type": "Polygon",
        "coordinates": [
          [
            [
              79.6795,
              21.5142
            ],
            [
              79.68217,
              21.5142
            ],
            [
              79.68217,
              21.51687
            ],
            [
              79.6795,
              21.51687
            ],
            [
              79.6795,
              21.5142
            ]
          ]
        ]
      }
    },
    {
      "type": "Feature",
      "properties": {
        "block_id": "PBLK-03-01",
        "mine_id": "MINE-001",
        "center_lat": 21.518205000000002,
        "center_lon": 79.680835,
        "dist_to_fault_km": 0.83,
        "ndvi": 0.58,
        "lst_c": 32.9,
        "sar_coherence": 0.8,
        "prospectivity_score": 0.619,
        "prospectivity_category": "Medium",
        "synthetic_training_label": 0
      },
      "geometry": {
        "type": "Polygon",
        "coordinates": [
          [
            [
              79.6795,
              21.51687
            ],
            [
              79.68217,
              21.51687
            ],
            [
              79.68217,
              21.51954
            ],
            [
              79.6795,
              21.51954
            ],
            [
              79.6795,
              21.51687
            ]
          ]
        ]
      }
    },
    {
      "type": "Feature",
      "properties": {
        "block_id": "PBLK-03-02",
        "mine_id": "MINE-001",
        "center_lat": 21.520865,
        "center_lon": 79.680835,
        "dist_to_fault_km": 0.53,
        "ndvi": 0.48,
        "lst_c": 32.6,
        "sar_coherence": 0.84,
        "prospectivity_score": 0.725,
        "prospectivity_category": "High",
        "synthetic_training_label": 1
      },
      "geometry": {
        "type": "Polygon",
        "coordinates": [
          [
            [
              79.6795,
              21.51953
            ],
            [
              79.68217,
              21.51953
            ],
            [
              79.68217,
              21.5222
            ],
            [
              79.6795,
              21.5222
            ],
            [
              79.6795,
              21.51953
            ]
          ]
        ]
      }
    },
    {
      "type": "Feature",
      "properties": {
        "block_id": "PBLK-03-03",
        "mine_id": "MINE-001",
        "center_lat": 21.523535000000003,
        "center_lon": 79.680835,
        "dist_to_fault_km": 0.24,
        "ndvi": 0.47,
        "lst_c": 31.9,
        "sar_coherence": 0.63,
        "prospectivity_score": 0.945,
        "prospectivity_category": "High",
        "synthetic_training_label": 1
      },
      "geometry": {
        "type": "Polygon",
        "coordinates": [
          [
            [
              79.6795,
              21.5222
            ],
            [
              79.68217,
              21.5222
            ],
            [
              79.68217,
              21.52487
            ],
            [
              79.6795,
              21.52487
            ],
            [
              79.6795,
              21.5222
            ]
          ]
        ]
      }
    },
    {
      "type": "Feature",
      "properties": {
        "block_id": "PBLK-03-04",
        "mine_id": "MINE-001",
        "center_lat": 21.526204999999997,
        "center_lon": 79.680835,
        "dist_to_fault_km": 0.06,
        "ndvi": 0.48,
        "lst_c": 33.4,
        "sar_coherence": 0.62,
        "prospectivity_score": 0.881,
        "prospectivity_category": "High",
        "synthetic_training_label": 1
      },
      "geometry": {
        "type": "Polygon",
        "coordinates": [
          [
            [
              79.6795,
              21.52487
            ],
            [
              79.68217,
              21.52487
            ],
            [
              79.68217,
              21.52754
            ],
            [
              79.6795,
              21.52754
            ],
            [
              79.6795,
              21.52487
            ]
          ]
        ]
      }
    },
    {
      "type": "Feature",
      "properties": {
        "block_id": "PBLK-03-05",
        "mine_id": "MINE-001",
        "center_lat": 21.528865,
        "center_lon": 79.680835,
        "dist_to_fault_km": 0.35,
        "ndvi": 0.52,
        "lst_c": 33.9,
        "sar_coherence": 0.85,
        "prospectivity_score": 0.93,
        "prospectivity_category": "High",
        "synthetic_training_label": 1
      },
      "geometry": {
        "type": "Polygon",
        "coordinates": [
          [
            [
              79.6795,
              21.52753
            ],
            [
              79.68217,
              21.52753
            ],
            [
              79.68217,
              21.5302
            ],
            [
              79.6795,
              21.5302
            ],
            [
              79.6795,
              21.52753
            ]
          ]
        ]
      }
    },
    {
      "type": "Feature",
      "properties": {
        "block_id": "PBLK-03-06",
        "mine_id": "MINE-001",
        "center_lat": 21.531534999999998,
        "center_lon": 79.680835,
        "dist_to_fault_km": 0.65,
        "ndvi": 0.51,
        "lst_c": 34.6,
        "sar_coherence": 0.87,
        "prospectivity_score": 0.674,
        "prospectivity_category": "Medium",
        "synthetic_training_label": 0
      },
      "geometry": {
        "type": "Polygon",
        "coordinates": [
          [
            [
              79.6795,
              21.5302
            ],
            [
              79.68217,
              21.5302
            ],
            [
              79.68217,
              21.53287
            ],
            [
              79.6795,
              21.53287
            ],
            [
              79.6795,
              21.5302
            ]
          ]
        ]
      }
    },
    {
      "type": "Feature",
      "properties": {
        "block_id": "PBLK-03-07",
        "mine_id": "MINE-001",
        "center_lat": 21.534205,
        "center_lon": 79.680835,
        "dist_to_fault_km": 0.95,
        "ndvi": 0.45,
        "lst_c": 32.0,
        "sar_coherence": 0.72,
        "prospectivity_score": 0.457,
        "prospectivity_category": "Medium",
        "synthetic_training_label": 0
      },
      "geometry": {
        "type": "Polygon",
        "coordinates": [
          [
            [
              79.6795,
              21.53287
            ],
            [
              79.68217,
              21.53287
            ],
            [
              79.68217,
              21.53554
            ],
            [
              79.6795,
              21.53554
            ],
            [
              79.6795,
              21.53287
            ]
          ]
        ]
      }
    },
    {
      "type": "Feature",
      "properties": {
        "block_id": "PBLK-03-08",
        "mine_id": "MINE-001",
        "center_lat": 21.536865,
        "center_lon": 79.680835,
        "dist_to_fault_km": 1.24,
        "ndvi": 0.57,
        "lst_c": 30.3,
        "sar_coherence": 0.8,
        "prospectivity_score": 0.173,
        "prospectivity_category": "Insufficient evidence",
        "synthetic_training_label": 0
      },
      "geometry": {
        "type": "Polygon",
        "coordinates": [
          [
            [
              79.6795,
              21.53553
            ],
            [
              79.68217,
              21.53553
            ],
            [
              79.68217,
              21.5382
            ],
            [
              79.6795,
              21.5382
            ],
            [
              79.6795,
              21.53553
            ]
          ]
        ]
      }
    },
    {
      "type": "Feature",
      "properties": {
        "block_id": "PBLK-03-09",
        "mine_id": "MINE-001",
        "center_lat": 21.539535,
        "center_lon": 79.680835,
        "dist_to_fault_km": 1.54,
        "ndvi": 0.43,
        "lst_c": 31.7,
        "sar_coherence": 0.62,
        "prospectivity_score": 0.02,
        "prospectivity_category": "Insufficient evidence",
        "synthetic_training_label": 0
      },
      "geometry": {
        "type": "Polygon",
        "coordinates": [
          [
            [
              79.6795,
              21.5382
            ],
            [
              79.68217,
              21.5382
            ],
            [
              79.68217,
              21.54087
            ],
            [
              79.6795,
              21.54087
            ],
            [
              79.6795,
              21.5382
            ]
          ]
        ]
      }
    },
    {
      "type": "Feature",
      "properties": {
        "block_id": "PBLK-03-10",
        "mine_id": "MINE-001",
        "center_lat": 21.542205000000003,
        "center_lon": 79.680835,
        "dist_to_fault_km": 1.84,
        "ndvi": 0.58,
        "lst_c": 31.1,
        "sar_coherence": 0.74,
        "prospectivity_score": 0.02,
        "prospectivity_category": "Insufficient evidence",
        "synthetic_training_label": 0
      },
      "geometry": {
        "type": "Polygon",
        "coordinates": [
          [
            [
              79.6795,
              21.54087
            ],
            [
              79.68217,
              21.54087
            ],
            [
              79.68217,
              21.54354
            ],
            [
              79.6795,
              21.54354
            ],
            [
              79.6795,
              21.54087
            ]
          ]
        ]
      }
    },
    {
      "type": "Feature",
      "properties": {
        "block_id": "PBLK-03-11",
        "mine_id": "MINE-001",
        "center_lat": 21.544865,
        "center_lon": 79.680835,
        "dist_to_fault_km": 2.13,
        "ndvi": 0.49,
        "lst_c": 34.4,
        "sar_coherence": 0.83,
        "prospectivity_score": 0.02,
        "prospectivity_category": "Insufficient evidence",
        "synthetic_training_label": 0
      },
      "geometry": {
        "type": "Polygon",
        "coordinates": [
          [
            [
              79.6795,
              21.54353
            ],
            [
              79.68217,
              21.54353
            ],
            [
              79.68217,
              21.5462
            ],
            [
              79.6795,
              21.5462
            ],
            [
              79.6795,
              21.54353
            ]
          ]
        ]
      }
    },
    {
      "type": "Feature",
      "properties": {
        "block_id": "PBLK-03-12",
        "mine_id": "MINE-001",
        "center_lat": 21.547535,
        "center_lon": 79.680835,
        "dist_to_fault_km": 2.43,
        "ndvi": 0.57,
        "lst_c": 30.0,
        "sar_coherence": 0.72,
        "prospectivity_score": 0.02,
        "prospectivity_category": "Insufficient evidence",
        "synthetic_training_label": 0
      },
      "geometry": {
        "type": "Polygon",
        "coordinates": [
          [
            [
              79.6795,
              21.5462
            ],
            [
              79.68217,
              21.5462
            ],
            [
              79.68217,
              21.54887
            ],
            [
              79.6795,
              21.54887
            ],
            [
              79.6795,
              21.5462
            ]
          ]
        ]
      }
    },
    {
      "type": "Feature",
      "properties": {
        "block_id": "PBLK-03-13",
        "mine_id": "MINE-001",
        "center_lat": 21.550205,
        "center_lon": 79.680835,
        "dist_to_fault_km": 2.72,
        "ndvi": 0.58,
        "lst_c": 33.7,
        "sar_coherence": 0.76,
        "prospectivity_score": 0.02,
        "prospectivity_category": "Insufficient evidence",
        "synthetic_training_label": 0
      },
      "geometry": {
        "type": "Polygon",
        "coordinates": [
          [
            [
              79.6795,
              21.54887
            ],
            [
              79.68217,
              21.54887
            ],
            [
              79.68217,
              21.55154
            ],
            [
              79.6795,
              21.55154
            ],
            [
              79.6795,
              21.54887
            ]
          ]
        ]
      }
    },
    {
      "type": "Feature",
      "properties": {
        "block_id": "PBLK-03-14",
        "mine_id": "MINE-001",
        "center_lat": 21.552865,
        "center_lon": 79.680835,
        "dist_to_fault_km": 3.02,
        "ndvi": 0.5,
        "lst_c": 33.3,
        "sar_coherence": 0.73,
        "prospectivity_score": 0.02,
        "prospectivity_category": "Insufficient evidence",
        "synthetic_training_label": 0
      },
      "geometry": {
        "type": "Polygon",
        "coordinates": [
          [
            [
              79.6795,
              21.55153
            ],
            [
              79.68217,
              21.55153
            ],
            [
              79.68217,
              21.5542
            ],
            [
              79.6795,
              21.5542
            ],
            [
              79.6795,
              21.55153
            ]
          ]
        ]
      }
    },
    {
      "type": "Feature",
      "properties": {
        "block_id": "PBLK-04-00",
        "mine_id": "MINE-001",
        "center_lat": 21.515535,
        "center_lon": 79.683505,
        "dist_to_fault_km": 1.36,
        "ndvi": 0.54,
        "lst_c": 34.3,
        "sar_coherence": 0.65,
        "prospectivity_score": 0.215,
        "prospectivity_category": "Low",
        "synthetic_training_label": 0
      },
      "geometry": {
        "type": "Polygon",
        "coordinates": [
          [
            [
              79.68217,
              21.5142
            ],
            [
              79.68484,
              21.5142
            ],
            [
              79.68484,
              21.51687
            ],
            [
              79.68217,
              21.51687
            ],
            [
              79.68217,
              21.5142
            ]
          ]
        ]
      }
    },
    {
      "type": "Feature",
      "properties": {
        "block_id": "PBLK-04-01",
        "mine_id": "MINE-001",
        "center_lat": 21.518205000000002,
        "center_lon": 79.683505,
        "dist_to_fault_km": 1.07,
        "ndvi": 0.54,
        "lst_c": 31.2,
        "sar_coherence": 0.79,
        "prospectivity_score": 0.183,
        "prospectivity_category": "Insufficient evidence",
        "synthetic_training_label": 0
      },
      "geometry": {
        "type": "Polygon",
        "coordinates": [
          [
            [
              79.68217,
              21.51687
            ],
            [
              79.68484,
              21.51687
            ],
            [
              79.68484,
              21.51954
            ],
            [
              79.68217,
              21.51954
            ],
            [
              79.68217,
              21.51687
            ]
          ]
        ]
      }
    },
    {
      "type": "Feature",
      "properties": {
        "block_id": "PBLK-04-02",
        "mine_id": "MINE-001",
        "center_lat": 21.520865,
        "center_lon": 79.683505,
        "dist_to_fault_km": 0.77,
        "ndvi": 0.48,
        "lst_c": 34.6,
        "sar_coherence": 0.9,
        "prospectivity_score": 0.444,
        "prospectivity_category": "Medium",
        "synthetic_training_label": 1
      },
      "geometry": {
        "type": "Polygon",
        "coordinates": [
          [
            [
              79.68217,
              21.51953
            ],
            [
              79.68484,
              21.51953
            ],
            [
              79.68484,
              21.5222
            ],
            [
              79.68217,
              21.5222
            ],
            [
              79.68217,
              21.51953
            ]
          ]
        ]
      }
    },
    {
      "type": "Feature",
      "properties": {
        "block_id": "PBLK-04-03",
        "mine_id": "MINE-001",
        "center_lat": 21.523535000000003,
        "center_lon": 79.683505,
        "dist_to_fault_km": 0.47,
        "ndvi": 0.59,
        "lst_c": 30.5,
        "sar_coherence": 0.6,
        "prospectivity_score": 0.695,
        "prospectivity_category": "Medium",
        "synthetic_training_label": 1
      },
      "geometry": {
        "type": "Polygon",
        "coordinates": [
          [
            [
              79.68217,
              21.5222
            ],
            [
              79.68484,
              21.5222
            ],
            [
              79.68484,
              21.52487
            ],
            [
              79.68217,
              21.52487
            ],
            [
              79.68217,
              21.5222
            ]
          ]
        ]
      }
    },
    {
      "type": "Feature",
      "properties": {
        "block_id": "PBLK-04-04",
        "mine_id": "MINE-001",
        "center_lat": 21.526204999999997,
        "center_lon": 79.683505,
        "dist_to_fault_km": 0.18,
        "ndvi": 0.43,
        "lst_c": 35.0,
        "sar_coherence": 0.65,
        "prospectivity_score": 0.864,
        "prospectivity_category": "High",
        "synthetic_training_label": 1
      },
      "geometry": {
        "type": "Polygon",
        "coordinates": [
          [
            [
              79.68217,
              21.52487
            ],
            [
              79.68484,
              21.52487
            ],
            [
              79.68484,
              21.52754
            ],
            [
              79.68217,
              21.52754
            ],
            [
              79.68217,
              21.52487
            ]
          ]
        ]
      }
    },
    {
      "type": "Feature",
      "properties": {
        "block_id": "PBLK-04-05",
        "mine_id": "MINE-001",
        "center_lat": 21.528865,
        "center_lon": 79.683505,
        "dist_to_fault_km": 0.12,
        "ndvi": 0.4,
        "lst_c": 33.0,
        "sar_coherence": 0.68,
        "prospectivity_score": 0.98,
        "prospectivity_category": "High",
        "synthetic_training_label": 1
      },
      "geometry": {
        "type": "Polygon",
        "coordinates": [
          [
            [
              79.68217,
              21.52753
            ],
            [
              79.68484,
              21.52753
            ],
            [
              79.68484,
              21.5302
            ],
            [
              79.68217,
              21.5302
            ],
            [
              79.68217,
              21.52753
            ]
          ]
        ]
      }
    },
    {
      "type": "Feature",
      "properties": {
        "block_id": "PBLK-04-06",
        "mine_id": "MINE-001",
        "center_lat": 21.531534999999998,
        "center_lon": 79.683505,
        "dist_to_fault_km": 0.41,
        "ndvi": 0.57,
        "lst_c": 31.4,
        "sar_coherence": 0.81,
        "prospectivity_score": 0.752,
        "prospectivity_category": "High",
        "synthetic_training_label": 1
      },
      "geometry": {
        "type": "Polygon",
        "coordinates": [
          [
            [
              79.68217,
              21.5302
            ],
            [
              79.68484,
              21.5302
            ],
            [
              79.68484,
              21.53287
            ],
            [
              79.68217,
              21.53287
            ],
            [
              79.68217,
              21.5302
            ]
          ]
        ]
      }
    },
    {
      "type": "Feature",
      "properties": {
        "block_id": "PBLK-04-07",
        "mine_id": "MINE-001",
        "center_lat": 21.534205,
        "center_lon": 79.683505,
        "dist_to_fault_km": 0.71,
        "ndvi": 0.48,
        "lst_c": 31.4,
        "sar_coherence": 0.84,
        "prospectivity_score": 0.485,
        "prospectivity_category": "Medium",
        "synthetic_training_label": 0
      },
      "geometry": {
        "type": "Polygon",
        "coordinates": [
          [
            [
              79.68217,
              21.53287
            ],
            [
              79.68484,
              21.53287
            ],
            [
              79.68484,
              21.53554
            ],
            [
              79.68217,
              21.53554
            ],
            [
              79.68217,
              21.53287
            ]
          ]
        ]
      }
    },
    {
      "type": "Feature",
      "properties": {
        "block_id": "PBLK-04-08",
        "mine_id": "MINE-001",
        "center_lat": 21.536865,
        "center_lon": 79.683505,
        "dist_to_fault_km": 1.01,
        "ndvi": 0.49,
        "lst_c": 33.0,
        "sar_coherence": 0.78,
        "prospectivity_score": 0.451,
        "prospectivity_category": "Medium",
        "synthetic_training_label": 1
      },
      "geometry": {
        "type": "Polygon",
        "coordinates": [
          [
            [
              79.68217,
              21.53553
            ],
            [
              79.68484,
              21.53553
            ],
            [
              79.68484,
              21.5382
            ],
            [
              79.68217,
              21.5382
            ],
            [
              79.68217,
              21.53553
            ]
          ]
        ]
      }
    },
    {
      "type": "Feature",
      "properties": {
        "block_id": "PBLK-04-09",
        "mine_id": "MINE-001",
        "center_lat": 21.539535,
        "center_lon": 79.683505,
        "dist_to_fault_km": 1.3,
        "ndvi": 0.46,
        "lst_c": 31.3,
        "sar_coherence": 0.76,
        "prospectivity_score": 0.195,
        "prospectivity_category": "Insufficient evidence",
        "synthetic_training_label": 0
      },
      "geometry": {
        "type": "Polygon",
        "coordinates": [
          [
            [
              79.68217,
              21.5382
            ],
            [
              79.68484,
              21.5382
            ],
            [
              79.68484,
              21.54087
            ],
            [
              79.68217,
              21.54087
            ],
            [
              79.68217,
              21.5382
            ]
          ]
        ]
      }
    },
    {
      "type": "Feature",
      "properties": {
        "block_id": "PBLK-04-10",
        "mine_id": "MINE-001",
        "center_lat": 21.542205000000003,
        "center_lon": 79.683505,
        "dist_to_fault_km": 1.6,
        "ndvi": 0.49,
        "lst_c": 32.2,
        "sar_coherence": 0.63,
        "prospectivity_score": 0.138,
        "prospectivity_category": "Insufficient evidence",
        "synthetic_training_label": 0
      },
      "geometry": {
        "type": "Polygon",
        "coordinates": [
          [
            [
              79.68217,
              21.54087
            ],
            [
              79.68484,
              21.54087
            ],
            [
              79.68484,
              21.54354
            ],
            [
              79.68217,
              21.54354
            ],
            [
              79.68217,
              21.54087
            ]
          ]
        ]
      }
    },
    {
      "type": "Feature",
      "properties": {
        "block_id": "PBLK-04-11",
        "mine_id": "MINE-001",
        "center_lat": 21.544865,
        "center_lon": 79.683505,
        "dist_to_fault_km": 1.89,
        "ndvi": 0.44,
        "lst_c": 32.1,
        "sar_coherence": 0.67,
        "prospectivity_score": 0.02,
        "prospectivity_category": "Insufficient evidence",
        "synthetic_training_label": 0
      },
      "geometry": {
        "type": "Polygon",
        "coordinates": [
          [
            [
              79.68217,
              21.54353
            ],
            [
              79.68484,
              21.54353
            ],
            [
              79.68484,
              21.5462
            ],
            [
              79.68217,
              21.5462
            ],
            [
              79.68217,
              21.54353
            ]
          ]
        ]
      }
    },
    {
      "type": "Feature",
      "properties": {
        "block_id": "PBLK-04-12",
        "mine_id": "MINE-001",
        "center_lat": 21.547535,
        "center_lon": 79.683505,
        "dist_to_fault_km": 2.19,
        "ndvi": 0.52,
        "lst_c": 31.9,
        "sar_coherence": 0.73,
        "prospectivity_score": 0.02,
        "prospectivity_category": "Insufficient evidence",
        "synthetic_training_label": 0
      },
      "geometry": {
        "type": "Polygon",
        "coordinates": [
          [
            [
              79.68217,
              21.5462
            ],
            [
              79.68484,
              21.5462
            ],
            [
              79.68484,
              21.54887
            ],
            [
              79.68217,
              21.54887
            ],
            [
              79.68217,
              21.5462
            ]
          ]
        ]
      }
    },
    {
      "type": "Feature",
      "properties": {
        "block_id": "PBLK-04-13",
        "mine_id": "MINE-001",
        "center_lat": 21.550205,
        "center_lon": 79.683505,
        "dist_to_fault_km": 2.49,
        "ndvi": 0.43,
        "lst_c": 34.4,
        "sar_coherence": 0.73,
        "prospectivity_score": 0.02,
        "prospectivity_category": "Insufficient evidence",
        "synthetic_training_label": 0
      },
      "geometry": {
        "type": "Polygon",
        "coordinates": [
          [
            [
              79.68217,
              21.54887
            ],
            [
              79.68484,
              21.54887
            ],
            [
              79.68484,
              21.55154
            ],
            [
              79.68217,
              21.55154
            ],
            [
              79.68217,
              21.54887
            ]
          ]
        ]
      }
    },
    {
      "type": "Feature",
      "properties": {
        "block_id": "PBLK-04-14",
        "mine_id": "MINE-001",
        "center_lat": 21.552865,
        "center_lon": 79.683505,
        "dist_to_fault_km": 2.78,
        "ndvi": 0.48,
        "lst_c": 30.2,
        "sar_coherence": 0.75,
        "prospectivity_score": 0.02,
        "prospectivity_category": "Insufficient evidence",
        "synthetic_training_label": 0
      },
      "geometry": {
        "type": "Polygon",
        "coordinates": [
          [
            [
              79.68217,
              21.55153
            ],
            [
              79.68484,
              21.55153
            ],
            [
              79.68484,
              21.5542
            ],
            [
              79.68217,
              21.5542
            ],
            [
              79.68217,
              21.55153
            ]
          ]
        ]
      }
    },
    {
      "type": "Feature",
      "properties": {
        "block_id": "PBLK-05-00",
        "mine_id": "MINE-001",
        "center_lat": 21.515535,
        "center_lon": 79.686165,
        "dist_to_fault_km": 1.6,
        "ndvi": 0.54,
        "lst_c": 30.9,
        "sar_coherence": 0.68,
        "prospectivity_score": 0.2,
        "prospectivity_category": "Insufficient evidence",
        "synthetic_training_label": 0
      },
      "geometry": {
        "type": "Polygon",
        "coordinates": [
          [
            [
              79.68483,
              21.5142
            ],
            [
              79.6875,
              21.5142
            ],
            [
              79.6875,
              21.51687
            ],
            [
              79.68483,
              21.51687
            ],
            [
              79.68483,
              21.5142
            ]
          ]
        ]
      }
    },
    {
      "type": "Feature",
      "properties": {
        "block_id": "PBLK-05-01",
        "mine_id": "MINE-001",
        "center_lat": 21.518205000000002,
        "center_lon": 79.686165,
        "dist_to_fault_km": 1.3,
        "ndvi": 0.56,
        "lst_c": 34.7,
        "sar_coherence": 0.64,
        "prospectivity_score": 0.365,
        "prospectivity_category": "Low",
        "synthetic_training_label": 0
      },
      "geometry": {
        "type": "Polygon",
        "coordinates": [
          [
            [
              79.68483,
              21.51687
            ],
            [
              79.6875,
              21.51687
            ],
            [
              79.6875,
              21.51954
            ],
            [
              79.68483,
              21.51954
            ],
            [
              79.68483,
              21.51687
            ]
          ]
        ]
      }
    },
    {
      "type": "Feature",
      "properties": {
        "block_id": "PBLK-05-02",
        "mine_id": "MINE-001",
        "center_lat": 21.520865,
        "center_lon": 79.686165,
        "dist_to_fault_km": 1.01,
        "ndvi": 0.41,
        "lst_c": 31.6,
        "sar_coherence": 0.64,
        "prospectivity_score": 0.276,
        "prospectivity_category": "Low",
        "synthetic_training_label": 0
      },
      "geometry": {
        "type": "Polygon",
        "coordinates": [
          [
            [
              79.68483,
              21.51953
            ],
            [
              79.6875,
              21.51953
            ],
            [
              79.6875,
              21.5222
            ],
            [
              79.68483,
              21.5222
            ],
            [
              79.68483,
              21.51953
            ]
          ]
        ]
      }
    },
    {
      "type": "Feature",
      "properties": {
        "block_id": "PBLK-05-03",
        "mine_id": "MINE-001",
        "center_lat": 21.523535000000003,
        "center_lon": 79.686165,
        "dist_to_fault_km": 0.71,
        "ndvi": 0.51,
        "lst_c": 30.7,
        "sar_coherence": 0.6,
        "prospectivity_score": 0.573,
        "prospectivity_category": "Medium",
        "synthetic_training_label": 1
      },
      "geometry": {
        "type": "Polygon",
        "coordinates": [
          [
            [
              79.68483,
              21.5222
            ],
            [
              79.6875,
              21.5222
            ],
            [
              79.6875,
              21.52487
            ],
            [
              79.68483,
              21.52487
            ],
            [
              79.68483,
              21.5222
            ]
          ]
        ]
      }
    },
    {
      "type": "Feature",
      "properties": {
        "block_id": "PBLK-05-04",
        "mine_id": "MINE-001",
        "center_lat": 21.526204999999997,
        "center_lon": 79.686165,
        "dist_to_fault_km": 0.41,
        "ndvi": 0.52,
        "lst_c": 31.7,
        "sar_coherence": 0.78,
        "prospectivity_score": 0.713,
        "prospectivity_category": "High",
        "synthetic_training_label": 1
      },
      "geometry": {
        "type": "Polygon",
        "coordinates": [
          [
            [
              79.68483,
              21.52487
            ],
            [
              79.6875,
              21.52487
            ],
            [
              79.6875,
              21.52754
            ],
            [
              79.68483,
              21.52754
            ],
            [
              79.68483,
              21.52487
            ]
          ]
        ]
      }
    },
    {
      "type": "Feature",
      "properties": {
        "block_id": "PBLK-05-05",
        "mine_id": "MINE-001",
        "center_lat": 21.528865,
        "center_lon": 79.686165,
        "dist_to_fault_km": 0.12,
        "ndvi": 0.46,
        "lst_c": 30.4,
        "sar_coherence": 0.67,
        "prospectivity_score": 0.966,
        "prospectivity_category": "High",
        "synthetic_training_label": 1
      },
      "geometry": {
        "type": "Polygon",
        "coordinates": [
          [
            [
              79.68483,
              21.52753
            ],
            [
              79.6875,
              21.52753
            ],
            [
              79.6875,
              21.5302
            ],
            [
              79.68483,
              21.5302
            ],
            [
              79.68483,
              21.52753
            ]
          ]
        ]
      }
    },
    {
      "type": "Feature",
      "properties": {
        "block_id": "PBLK-05-06",
        "mine_id": "MINE-001",
        "center_lat": 21.531534999999998,
        "center_lon": 79.686165,
        "dist_to_fault_km": 0.18,
        "ndvi": 0.53,
        "lst_c": 31.3,
        "sar_coherence": 0.6,
        "prospectivity_score": 0.869,
        "prospectivity_category": "High",
        "synthetic_training_label": 1
      },
      "geometry": {
        "type": "Polygon",
        "coordinates": [
          [
            [
              79.68483,
              21.5302
            ],
            [
              79.6875,
              21.5302
            ],
            [
              79.6875,
              21.53287
            ],
            [
              79.68483,
              21.53287
            ],
            [
              79.68483,
              21.5302
            ]
          ]
        ]
      }
    },
    {
      "type": "Feature",
      "properties": {
        "block_id": "PBLK-05-07",
        "mine_id": "MINE-001",
        "center_lat": 21.534205,
        "center_lon": 79.686165,
        "dist_to_fault_km": 0.47,
        "ndvi": 0.52,
        "lst_c": 34.8,
        "sar_coherence": 0.78,
        "prospectivity_score": 0.611,
        "prospectivity_category": "Medium",
        "synthetic_training_label": 1
      },
      "geometry": {
        "type": "Polygon",
        "coordinates": [
          [
            [
              79.68483,
              21.53287
            ],
            [
              79.6875,
              21.53287
            ],
            [
              79.6875,
              21.53554
            ],
            [
              79.68483,
              21.53554
            ],
            [
              79.68483,
              21.53287
            ]
          ]
        ]
      }
    },
    {
      "type": "Feature",
      "properties": {
        "block_id": "PBLK-05-08",
        "mine_id": "MINE-001",
        "center_lat": 21.536865,
        "center_lon": 79.686165,
        "dist_to_fault_km": 0.77,
        "ndvi": 0.59,
        "lst_c": 34.1,
        "sar_coherence": 0.7,
        "prospectivity_score": 0.74,
        "prospectivity_category": "High",
        "synthetic_training_label": 1
      },
      "geometry": {
        "type": "Polygon",
        "coordinates": [
          [
            [
              79.68483,
              21.53553
            ],
            [
              79.6875,
              21.53553
            ],
            [
              79.6875,
              21.5382
            ],
            [
              79.68483,
              21.5382
            ],
            [
              79.68483,
              21.53553
            ]
          ]
        ]
      }
    },
    {
      "type": "Feature",
      "properties": {
        "block_id": "PBLK-05-09",
        "mine_id": "MINE-001",
        "center_lat": 21.539535,
        "center_lon": 79.686165,
        "dist_to_fault_km": 1.07,
        "ndvi": 0.45,
        "lst_c": 31.3,
        "sar_coherence": 0.75,
        "prospectivity_score": 0.28,
        "prospectivity_category": "Low",
        "synthetic_training_label": 0
      },
      "geometry": {
        "type": "Polygon",
        "coordinates": [
          [
            [
              79.68483,
              21.5382
            ],
            [
              79.6875,
              21.5382
            ],
            [
              79.6875,
              21.54087
            ],
            [
              79.68483,
              21.54087
            ],
            [
              79.68483,
              21.5382
            ]
          ]
        ]
      }
    },
    {
      "type": "Feature",
      "properties": {
        "block_id": "PBLK-05-10",
        "mine_id": "MINE-001",
        "center_lat": 21.542205000000003,
        "center_lon": 79.686165,
        "dist_to_fault_km": 1.36,
        "ndvi": 0.41,
        "lst_c": 33.6,
        "sar_coherence": 0.84,
        "prospectivity_score": 0.184,
        "prospectivity_category": "Insufficient evidence",
        "synthetic_training_label": 0
      },
      "geometry": {
        "type": "Polygon",
        "coordinates": [
          [
            [
              79.68483,
              21.54087
            ],
            [
              79.6875,
              21.54087
            ],
            [
              79.6875,
              21.54354
            ],
            [
              79.68483,
              21.54354
            ],
            [
              79.68483,
              21.54087
            ]
          ]
        ]
      }
    },
    {
      "type": "Feature",
      "properties": {
        "block_id": "PBLK-05-11",
        "mine_id": "MINE-001",
        "center_lat": 21.544865,
        "center_lon": 79.686165,
        "dist_to_fault_km": 1.66,
        "ndvi": 0.46,
        "lst_c": 33.3,
        "sar_coherence": 0.73,
        "prospectivity_score": 0.14,
        "prospectivity_category": "Insufficient evidence",
        "synthetic_training_label": 0
      },
      "geometry": {
        "type": "Polygon",
        "coordinates": [
          [
            [
              79.68483,
              21.54353
            ],
            [
              79.6875,
              21.54353
            ],
            [
              79.6875,
              21.5462
            ],
            [
              79.68483,
              21.5462
            ],
            [
              79.68483,
              21.54353
            ]
          ]
        ]
      }
    },
    {
      "type": "Feature",
      "properties": {
        "block_id": "PBLK-05-12",
        "mine_id": "MINE-001",
        "center_lat": 21.547535,
        "center_lon": 79.686165,
        "dist_to_fault_km": 1.95,
        "ndvi": 0.58,
        "lst_c": 32.5,
        "sar_coherence": 0.69,
        "prospectivity_score": 0.02,
        "prospectivity_category": "Insufficient evidence",
        "synthetic_training_label": 0
      },
      "geometry": {
        "type": "Polygon",
        "coordinates": [
          [
            [
              79.68483,
              21.5462
            ],
            [
              79.6875,
              21.5462
            ],
            [
              79.6875,
              21.54887
            ],
            [
              79.68483,
              21.54887
            ],
            [
              79.68483,
              21.5462
            ]
          ]
        ]
      }
    },
    {
      "type": "Feature",
      "properties": {
        "block_id": "PBLK-05-13",
        "mine_id": "MINE-001",
        "center_lat": 21.550205,
        "center_lon": 79.686165,
        "dist_to_fault_km": 2.25,
        "ndvi": 0.55,
        "lst_c": 31.1,
        "sar_coherence": 0.72,
        "prospectivity_score": 0.02,
        "prospectivity_category": "Insufficient evidence",
        "synthetic_training_label": 0
      },
      "geometry": {
        "type": "Polygon",
        "coordinates": [
          [
            [
              79.68483,
              21.54887
            ],
            [
              79.6875,
              21.54887
            ],
            [
              79.6875,
              21.55154
            ],
            [
              79.68483,
              21.55154
            ],
            [
              79.68483,
              21.54887
            ]
          ]
        ]
      }
    },
    {
      "type": "Feature",
      "properties": {
        "block_id": "PBLK-05-14",
        "mine_id": "MINE-001",
        "center_lat": 21.552865,
        "center_lon": 79.686165,
        "dist_to_fault_km": 2.55,
        "ndvi": 0.48,
        "lst_c": 31.1,
        "sar_coherence": 0.71,
        "prospectivity_score": 0.02,
        "prospectivity_category": "Insufficient evidence",
        "synthetic_training_label": 0
      },
      "geometry": {
        "type": "Polygon",
        "coordinates": [
          [
            [
              79.68483,
              21.55153
            ],
            [
              79.6875,
              21.55153
            ],
            [
              79.6875,
              21.5542
            ],
            [
              79.68483,
              21.5542
            ],
            [
              79.68483,
              21.55153
            ]
          ]
        ]
      }
    },
    {
      "type": "Feature",
      "properties": {
        "block_id": "PBLK-06-00",
        "mine_id": "MINE-001",
        "center_lat": 21.515535,
        "center_lon": 79.688835,
        "dist_to_fault_km": 1.84,
        "ndvi": 0.46,
        "lst_c": 30.9,
        "sar_coherence": 0.82,
        "prospectivity_score": 0.02,
        "prospectivity_category": "Insufficient evidence",
        "synthetic_training_label": 0
      },
      "geometry": {
        "type": "Polygon",
        "coordinates": [
          [
            [
              79.6875,
              21.5142
            ],
            [
              79.69017,
              21.5142
            ],
            [
              79.69017,
              21.51687
            ],
            [
              79.6875,
              21.51687
            ],
            [
              79.6875,
              21.5142
            ]
          ]
        ]
      }
    },
    {
      "type": "Feature",
      "properties": {
        "block_id": "PBLK-06-01",
        "mine_id": "MINE-001",
        "center_lat": 21.518205000000002,
        "center_lon": 79.688835,
        "dist_to_fault_km": 1.54,
        "ndvi": 0.48,
        "lst_c": 34.9,
        "sar_coherence": 0.72,
        "prospectivity_score": 0.052,
        "prospectivity_category": "Insufficient evidence",
        "synthetic_training_label": 0
      },
      "geometry": {
        "type": "Polygon",
        "coordinates": [
          [
            [
              79.6875,
              21.51687
            ],
            [
              79.69017,
              21.51687
            ],
            [
              79.69017,
              21.51954
            ],
            [
              79.6875,
              21.51954
            ],
            [
              79.6875,
              21.51687
            ]
          ]
        ]
      }
    },
    {
      "type": "Feature",
      "properties": {
        "block_id": "PBLK-06-02",
        "mine_id": "MINE-001",
        "center_lat": 21.520865,
        "center_lon": 79.688835,
        "dist_to_fault_km": 1.24,
        "ndvi": 0.42,
        "lst_c": 30.4,
        "sar_coherence": 0.78,
        "prospectivity_score": 0.123,
        "prospectivity_category": "Insufficient evidence",
        "synthetic_training_label": 0
      },
      "geometry": {
        "type": "Polygon",
        "coordinates": [
          [
            [
              79.6875,
              21.51953
            ],
            [
              79.69017,
              21.51953
            ],
            [
              79.69017,
              21.5222
            ],
            [
              79.6875,
              21.5222
            ],
            [
              79.6875,
              21.51953
            ]
          ]
        ]
      }
    },
    {
      "type": "Feature",
      "properties": {
        "block_id": "PBLK-06-03",
        "mine_id": "MINE-001",
        "center_lat": 21.523535000000003,
        "center_lon": 79.688835,
        "dist_to_fault_km": 0.95,
        "ndvi": 0.49,
        "lst_c": 30.3,
        "sar_coherence": 0.75,
        "prospectivity_score": 0.313,
        "prospectivity_category": "Low",
        "synthetic_training_label": 0
      },
      "geometry": {
        "type": "Polygon",
        "coordinates": [
          [
            [
              79.6875,
              21.5222
            ],
            [
              79.69017,
              21.5222
            ],
            [
              79.69017,
              21.52487
            ],
            [
              79.6875,
              21.52487
            ],
            [
              79.6875,
              21.5222
            ]
          ]
        ]
      }
    },
    {
      "type": "Feature",
      "properties": {
        "block_id": "PBLK-06-04",
        "mine_id": "MINE-001",
        "center_lat": 21.526204999999997,
        "center_lon": 79.688835,
        "dist_to_fault_km": 0.65,
        "ndvi": 0.5,
        "lst_c": 30.7,
        "sar_coherence": 0.63,
        "prospectivity_score": 0.754,
        "prospectivity_category": "High",
        "synthetic_training_label": 1
      },
      "geometry": {
        "type": "Polygon",
        "coordinates": [
          [
            [
              79.6875,
              21.52487
            ],
            [
              79.69017,
              21.52487
            ],
            [
              79.69017,
              21.52754
            ],
            [
              79.6875,
              21.52754
            ],
            [
              79.6875,
              21.52487
            ]
          ]
        ]
      }
    },
    {
      "type": "Feature",
      "properties": {
        "block_id": "PBLK-06-05",
        "mine_id": "MINE-001",
        "center_lat": 21.528865,
        "center_lon": 79.688835,
        "dist_to_fault_km": 0.36,
        "ndvi": 0.43,
        "lst_c": 34.8,
        "sar_coherence": 0.86,
        "prospectivity_score": 0.687,
        "prospectivity_category": "Medium",
        "synthetic_training_label": 0
      },
      "geometry": {
        "type": "Polygon",
        "coordinates": [
          [
            [
              79.6875,
              21.52753
            ],
            [
              79.69017,
              21.52753
            ],
            [
              79.69017,
              21.5302
            ],
            [
              79.6875,
              21.5302
            ],
            [
              79.6875,
              21.52753
            ]
          ]
        ]
      }
    },
    {
      "type": "Feature",
      "properties": {
        "block_id": "PBLK-06-06",
        "mine_id": "MINE-001",
        "center_lat": 21.531534999999998,
        "center_lon": 79.688835,
        "dist_to_fault_km": 0.06,
        "ndvi": 0.45,
        "lst_c": 31.6,
        "sar_coherence": 0.66,
        "prospectivity_score": 0.98,
        "prospectivity_category": "High",
        "synthetic_training_label": 1
      },
      "geometry": {
        "type": "Polygon",
        "coordinates": [
          [
            [
              79.6875,
              21.5302
            ],
            [
              79.69017,
              21.5302
            ],
            [
              79.69017,
              21.53287
            ],
            [
              79.6875,
              21.53287
            ],
            [
              79.6875,
              21.5302
            ]
          ]
        ]
      }
    },
    {
      "type": "Feature",
      "properties": {
        "block_id": "PBLK-06-07",
        "mine_id": "MINE-001",
        "center_lat": 21.534205,
        "center_lon": 79.688835,
        "dist_to_fault_km": 0.24,
        "ndvi": 0.53,
        "lst_c": 32.6,
        "sar_coherence": 0.87,
        "prospectivity_score": 0.826,
        "prospectivity_category": "High",
        "synthetic_training_label": 1
      },
      "geometry": {
        "type": "Polygon",
        "coordinates": [
          [
            [
              79.6875,
              21.53287
            ],
            [
              79.69017,
              21.53287
            ],
            [
              79.69017,
              21.53554
            ],
            [
              79.6875,
              21.53554
            ],
            [
              79.6875,
              21.53287
            ]
          ]
        ]
      }
    },
    {
      "type": "Feature",
      "properties": {
        "block_id": "PBLK-06-08",
        "mine_id": "MINE-001",
        "center_lat": 21.536865,
        "center_lon": 79.688835,
        "dist_to_fault_km": 0.53,
        "ndvi": 0.56,
        "lst_c": 34.0,
        "sar_coherence": 0.64,
        "prospectivity_score": 0.68,
        "prospectivity_category": "Medium",
        "synthetic_training_label": 0
      },
      "geometry": {
        "type": "Polygon",
        "coordinates": [
          [
            [
              79.6875,
              21.53553
            ],
            [
              79.69017,
              21.53553
            ],
            [
              79.69017,
              21.5382
            ],
            [
              79.6875,
              21.5382
            ],
            [
              79.6875,
              21.53553
            ]
          ]
        ]
      }
    },
    {
      "type": "Feature",
      "properties": {
        "block_id": "PBLK-06-09",
        "mine_id": "MINE-001",
        "center_lat": 21.539535,
        "center_lon": 79.688835,
        "dist_to_fault_km": 0.83,
        "ndvi": 0.45,
        "lst_c": 32.8,
        "sar_coherence": 0.72,
        "prospectivity_score": 0.409,
        "prospectivity_category": "Medium",
        "synthetic_training_label": 0
      },
      "geometry": {
        "type": "Polygon",
        "coordinates": [
          [
            [
              79.6875,
              21.5382
            ],
            [
              79.69017,
              21.5382
            ],
            [
              79.69017,
              21.54087
            ],
            [
              79.6875,
              21.54087
            ],
            [
              79.6875,
              21.5382
            ]
          ]
        ]
      }
    },
    {
      "type": "Feature",
      "properties": {
        "block_id": "PBLK-06-10",
        "mine_id": "MINE-001",
        "center_lat": 21.542205000000003,
        "center_lon": 79.688835,
        "dist_to_fault_km": 1.13,
        "ndvi": 0.59,
        "lst_c": 30.6,
        "sar_coherence": 0.89,
        "prospectivity_score": 0.296,
        "prospectivity_category": "Low",
        "synthetic_training_label": 0
      },
      "geometry": {
        "type": "Polygon",
        "coordinates": [
          [
            [
              79.6875,
              21.54087
            ],
            [
              79.69017,
              21.54087
            ],
            [
              79.69017,
              21.54354
            ],
            [
              79.6875,
              21.54354
            ],
            [
              79.6875,
              21.54087
            ]
          ]
        ]
      }
    },
    {
      "type": "Feature",
      "properties": {
        "block_id": "PBLK-06-11",
        "mine_id": "MINE-001",
        "center_lat": 21.544865,
        "center_lon": 79.688835,
        "dist_to_fault_km": 1.42,
        "ndvi": 0.47,
        "lst_c": 30.7,
        "sar_coherence": 0.86,
        "prospectivity_score": 0.206,
        "prospectivity_category": "Low",
        "synthetic_training_label": 0
      },
      "geometry": {
        "type": "Polygon",
        "coordinates": [
          [
            [
              79.6875,
              21.54353
            ],
            [
              79.69017,
              21.54353
            ],
            [
              79.69017,
              21.5462
            ],
            [
              79.6875,
              21.5462
            ],
            [
              79.6875,
              21.54353
            ]
          ]
        ]
      }
    },
    {
      "type": "Feature",
      "properties": {
        "block_id": "PBLK-06-12",
        "mine_id": "MINE-001",
        "center_lat": 21.547535,
        "center_lon": 79.688835,
        "dist_to_fault_km": 1.72,
        "ndvi": 0.46,
        "lst_c": 33.3,
        "sar_coherence": 0.77,
        "prospectivity_score": 0.02,
        "prospectivity_category": "Insufficient evidence",
        "synthetic_training_label": 0
      },
      "geometry": {
        "type": "Polygon",
        "coordinates": [
          [
            [
              79.6875,
              21.5462
            ],
            [
              79.69017,
              21.5462
            ],
            [
              79.69017,
              21.54887
            ],
            [
              79.6875,
              21.54887
            ],
            [
              79.6875,
              21.5462
            ]
          ]
        ]
      }
    },
    {
      "type": "Feature",
      "properties": {
        "block_id": "PBLK-06-13",
        "mine_id": "MINE-001",
        "center_lat": 21.550205,
        "center_lon": 79.688835,
        "dist_to_fault_km": 2.01,
        "ndvi": 0.55,
        "lst_c": 30.4,
        "sar_coherence": 0.8,
        "prospectivity_score": 0.02,
        "prospectivity_category": "Insufficient evidence",
        "synthetic_training_label": 0
      },
      "geometry": {
        "type": "Polygon",
        "coordinates": [
          [
            [
              79.6875,
              21.54887
            ],
            [
              79.69017,
              21.54887
            ],
            [
              79.69017,
              21.55154
            ],
            [
              79.6875,
              21.55154
            ],
            [
              79.6875,
              21.54887
            ]
          ]
        ]
      }
    },
    {
      "type": "Feature",
      "properties": {
        "block_id": "PBLK-06-14",
        "mine_id": "MINE-001",
        "center_lat": 21.552865,
        "center_lon": 79.688835,
        "dist_to_fault_km": 2.31,
        "ndvi": 0.58,
        "lst_c": 30.3,
        "sar_coherence": 0.64,
        "prospectivity_score": 0.02,
        "prospectivity_category": "Insufficient evidence",
        "synthetic_training_label": 0
      },
      "geometry": {
        "type": "Polygon",
        "coordinates": [
          [
            [
              79.6875,
              21.55153
            ],
            [
              79.69017,
              21.55153
            ],
            [
              79.69017,
              21.5542
            ],
            [
              79.6875,
              21.5542
            ],
            [
              79.6875,
              21.55153
            ]
          ]
        ]
      }
    },
    {
      "type": "Feature",
      "properties": {
        "block_id": "PBLK-07-00",
        "mine_id": "MINE-001",
        "center_lat": 21.515535,
        "center_lon": 79.691505,
        "dist_to_fault_km": 2.07,
        "ndvi": 0.48,
        "lst_c": 30.7,
        "sar_coherence": 0.75,
        "prospectivity_score": 0.02,
        "prospectivity_category": "Insufficient evidence",
        "synthetic_training_label": 0
      },
      "geometry": {
        "type": "Polygon",
        "coordinates": [
          [
            [
              79.69017,
              21.5142
            ],
            [
              79.69284,
              21.5142
            ],
            [
              79.69284,
              21.51687
            ],
            [
              79.69017,
              21.51687
            ],
            [
              79.69017,
              21.5142
            ]
          ]
        ]
      }
    },
    {
      "type": "Feature",
      "properties": {
        "block_id": "PBLK-07-01",
        "mine_id": "MINE-001",
        "center_lat": 21.518205000000002,
        "center_lon": 79.691505,
        "dist_to_fault_km": 1.78,
        "ndvi": 0.43,
        "lst_c": 32.4,
        "sar_coherence": 0.83,
        "prospectivity_score": 0.071,
        "prospectivity_category": "Insufficient evidence",
        "synthetic_training_label": 0
      },
      "geometry": {
        "type": "Polygon",
        "coordinates": [
          [
            [
              79.69017,
              21.51687
            ],
            [
              79.69284,
              21.51687
            ],
            [
              79.69284,
              21.51954
            ],
            [
              79.69017,
              21.51954
            ],
            [
              79.69017,
              21.51687
            ]
          ]
        ]
      }
    },
    {
      "type": "Feature",
      "properties": {
        "block_id": "PBLK-07-02",
        "mine_id": "MINE-001",
        "center_lat": 21.520865,
        "center_lon": 79.691505,
        "dist_to_fault_km": 1.48,
        "ndvi": 0.6,
        "lst_c": 33.4,
        "sar_coherence": 0.85,
        "prospectivity_score": 0.1,
        "prospectivity_category": "Insufficient evidence",
        "synthetic_training_label": 0
      },
      "geometry": {
        "type": "Polygon",
        "coordinates": [
          [
            [
              79.69017,
              21.51953
            ],
            [
              79.69284,
              21.51953
            ],
            [
              79.69284,
              21.5222
            ],
            [
              79.69017,
              21.5222
            ],
            [
              79.69017,
              21.51953
            ]
          ]
        ]
      }
    },
    {
      "type": "Feature",
      "properties": {
        "block_id": "PBLK-07-03",
        "mine_id": "MINE-001",
        "center_lat": 21.523535000000003,
        "center_lon": 79.691505,
        "dist_to_fault_km": 1.18,
        "ndvi": 0.48,
        "lst_c": 33.8,
        "sar_coherence": 0.61,
        "prospectivity_score": 0.153,
        "prospectivity_category": "Insufficient evidence",
        "synthetic_training_label": 0
      },
      "geometry": {
        "type": "Polygon",
        "coordinates": [
          [
            [
              79.69017,
              21.5222
            ],
            [
              79.69284,
              21.5222
            ],
            [
              79.69284,
              21.52487
            ],
            [
              79.69017,
              21.52487
            ],
            [
              79.69017,
              21.5222
            ]
          ]
        ]
      }
    },
    {
      "type": "Feature",
      "properties": {
        "block_id": "PBLK-07-04",
        "mine_id": "MINE-001",
        "center_lat": 21.526204999999997,
        "center_lon": 79.691505,
        "dist_to_fault_km": 0.89,
        "ndvi": 0.57,
        "lst_c": 31.7,
        "sar_coherence": 0.8,
        "prospectivity_score": 0.447,
        "prospectivity_category": "Medium",
        "synthetic_training_label": 0
      },
      "geometry": {
        "type": "Polygon",
        "coordinates": [
          [
            [
              79.69017,
              21.52487
            ],
            [
              79.69284,
              21.52487
            ],
            [
              79.69284,
              21.52754
            ],
            [
              79.69017,
              21.52754
            ],
            [
              79.69017,
              21.52487
            ]
          ]
        ]
      }
    },
    {
      "type": "Feature",
      "properties": {
        "block_id": "PBLK-07-05",
        "mine_id": "MINE-001",
        "center_lat": 21.528865,
        "center_lon": 79.691505,
        "dist_to_fault_km": 0.59,
        "ndvi": 0.52,
        "lst_c": 31.8,
        "sar_coherence": 0.77,
        "prospectivity_score": 0.619,
        "prospectivity_category": "Medium",
        "synthetic_training_label": 1
      },
      "geometry": {
        "type": "Polygon",
        "coordinates": [
          [
            [
              79.69017,
              21.52753
            ],
            [
              79.69284,
              21.52753
            ],
            [
              79.69284,
              21.5302
            ],
            [
              79.69017,
              21.5302
            ],
            [
              79.69017,
              21.52753
            ]
          ]
        ]
      }
    },
    {
      "type": "Feature",
      "properties": {
        "block_id": "PBLK-07-06",
        "mine_id": "MINE-001",
        "center_lat": 21.531534999999998,
        "center_lon": 79.691505,
        "dist_to_fault_km": 0.3,
        "ndvi": 0.6,
        "lst_c": 30.6,
        "sar_coherence": 0.62,
        "prospectivity_score": 0.771,
        "prospectivity_category": "High",
        "synthetic_training_label": 1
      },
      "geometry": {
        "type": "Polygon",
        "coordinates": [
          [
            [
              79.69017,
              21.5302
            ],
            [
              79.69284,
              21.5302
            ],
            [
              79.69284,
              21.53287
            ],
            [
              79.69017,
              21.53287
            ],
            [
              79.69017,
              21.5302
            ]
          ]
        ]
      }
    },
    {
      "type": "Feature",
      "properties": {
        "block_id": "PBLK-07-07",
        "mine_id": "MINE-001",
        "center_lat": 21.534205,
        "center_lon": 79.691505,
        "dist_to_fault_km": 0.0,
        "ndvi": 0.58,
        "lst_c": 31.5,
        "sar_coherence": 0.8,
        "prospectivity_score": 0.98,
        "prospectivity_category": "High",
        "synthetic_training_label": 1
      },
      "geometry": {
        "type": "Polygon",
        "coordinates": [
          [
            [
              79.69017,
              21.53287
            ],
            [
              79.69284,
              21.53287
            ],
            [
              79.69284,
              21.53554
            ],
            [
              79.69017,
              21.53554
            ],
            [
              79.69017,
              21.53287
            ]
          ]
        ]
      }
    },
    {
      "type": "Feature",
      "properties": {
        "block_id": "PBLK-07-08",
        "mine_id": "MINE-001",
        "center_lat": 21.536865,
        "center_lon": 79.691505,
        "dist_to_fault_km": 0.3,
        "ndvi": 0.45,
        "lst_c": 31.7,
        "sar_coherence": 0.72,
        "prospectivity_score": 0.741,
        "prospectivity_category": "High",
        "synthetic_training_label": 1
      },
      "geometry": {
        "type": "Polygon",
        "coordinates": [
          [
            [
              79.69017,
              21.53553
            ],
            [
              79.69284,
              21.53553
            ],
            [
              79.69284,
              21.5382
            ],
            [
              79.69017,
              21.5382
            ],
            [
              79.69017,
              21.53553
            ]
          ]
        ]
      }
    },
    {
      "type": "Feature",
      "properties": {
        "block_id": "PBLK-07-09",
        "mine_id": "MINE-001",
        "center_lat": 21.539535,
        "center_lon": 79.691505,
        "dist_to_fault_km": 0.59,
        "ndvi": 0.5,
        "lst_c": 34.7,
        "sar_coherence": 0.61,
        "prospectivity_score": 0.516,
        "prospectivity_category": "Medium",
        "synthetic_training_label": 1
      },
      "geometry": {
        "type": "Polygon",
        "coordinates": [
          [
            [
              79.69017,
              21.5382
            ],
            [
              79.69284,
              21.5382
            ],
            [
              79.69284,
              21.54087
            ],
            [
              79.69017,
              21.54087
            ],
            [
              79.69017,
              21.5382
            ]
          ]
        ]
      }
    },
    {
      "type": "Feature",
      "properties": {
        "block_id": "PBLK-07-10",
        "mine_id": "MINE-001",
        "center_lat": 21.542205000000003,
        "center_lon": 79.691505,
        "dist_to_fault_km": 0.89,
        "ndvi": 0.41,
        "lst_c": 32.9,
        "sar_coherence": 0.86,
        "prospectivity_score": 0.68,
        "prospectivity_category": "Medium",
        "synthetic_training_label": 1
      },
      "geometry": {
        "type": "Polygon",
        "coordinates": [
          [
            [
              79.69017,
              21.54087
            ],
            [
              79.69284,
              21.54087
            ],
            [
              79.69284,
              21.54354
            ],
            [
              79.69017,
              21.54354
            ],
            [
              79.69017,
              21.54087
            ]
          ]
        ]
      }
    },
    {
      "type": "Feature",
      "properties": {
        "block_id": "PBLK-07-11",
        "mine_id": "MINE-001",
        "center_lat": 21.544865,
        "center_lon": 79.691505,
        "dist_to_fault_km": 1.18,
        "ndvi": 0.45,
        "lst_c": 34.4,
        "sar_coherence": 0.61,
        "prospectivity_score": 0.297,
        "prospectivity_category": "Low",
        "synthetic_training_label": 0
      },
      "geometry": {
        "type": "Polygon",
        "coordinates": [
          [
            [
              79.69017,
              21.54353
            ],
            [
              79.69284,
              21.54353
            ],
            [
              79.69284,
              21.5462
            ],
            [
              79.69017,
              21.5462
            ],
            [
              79.69017,
              21.54353
            ]
          ]
        ]
      }
    },
    {
      "type": "Feature",
      "properties": {
        "block_id": "PBLK-07-12",
        "mine_id": "MINE-001",
        "center_lat": 21.547535,
        "center_lon": 79.691505,
        "dist_to_fault_km": 1.48,
        "ndvi": 0.53,
        "lst_c": 32.2,
        "sar_coherence": 0.61,
        "prospectivity_score": 0.13,
        "prospectivity_category": "Insufficient evidence",
        "synthetic_training_label": 0
      },
      "geometry": {
        "type": "Polygon",
        "coordinates": [
          [
            [
              79.69017,
              21.5462
            ],
            [
              79.69284,
              21.5462
            ],
            [
              79.69284,
              21.54887
            ],
            [
              79.69017,
              21.54887
            ],
            [
              79.69017,
              21.5462
            ]
          ]
        ]
      }
    },
    {
      "type": "Feature",
      "properties": {
        "block_id": "PBLK-07-13",
        "mine_id": "MINE-001",
        "center_lat": 21.550205,
        "center_lon": 79.691505,
        "dist_to_fault_km": 1.78,
        "ndvi": 0.58,
        "lst_c": 32.4,
        "sar_coherence": 0.61,
        "prospectivity_score": 0.02,
        "prospectivity_category": "Insufficient evidence",
        "synthetic_training_label": 0
      },
      "geometry": {
        "type": "Polygon",
        "coordinates": [
          [
            [
              79.69017,
              21.54887
            ],
            [
              79.69284,
              21.54887
            ],
            [
              79.69284,
              21.55154
            ],
            [
              79.69017,
              21.55154
            ],
            [
              79.69017,
              21.54887
            ]
          ]
        ]
      }
    },
    {
      "type": "Feature",
      "properties": {
        "block_id": "PBLK-07-14",
        "mine_id": "MINE-001",
        "center_lat": 21.552865,
        "center_lon": 79.691505,
        "dist_to_fault_km": 2.07,
        "ndvi": 0.42,
        "lst_c": 31.1,
        "sar_coherence": 0.62,
        "prospectivity_score": 0.02,
        "prospectivity_category": "Insufficient evidence",
        "synthetic_training_label": 0
      },
      "geometry": {
        "type": "Polygon",
        "coordinates": [
          [
            [
              79.69017,
              21.55153
            ],
            [
              79.69284,
              21.55153
            ],
            [
              79.69284,
              21.5542
            ],
            [
              79.69017,
              21.5542
            ],
            [
              79.69017,
              21.55153
            ]
          ]
        ]
      }
    },
    {
      "type": "Feature",
      "properties": {
        "block_id": "PBLK-08-00",
        "mine_id": "MINE-001",
        "center_lat": 21.515535,
        "center_lon": 79.694165,
        "dist_to_fault_km": 2.31,
        "ndvi": 0.51,
        "lst_c": 33.1,
        "sar_coherence": 0.75,
        "prospectivity_score": 0.02,
        "prospectivity_category": "Insufficient evidence",
        "synthetic_training_label": 0
      },
      "geometry": {
        "type": "Polygon",
        "coordinates": [
          [
            [
              79.69283,
              21.5142
            ],
            [
              79.6955,
              21.5142
            ],
            [
              79.6955,
              21.51687
            ],
            [
              79.69283,
              21.51687
            ],
            [
              79.69283,
              21.5142
            ]
          ]
        ]
      }
    },
    {
      "type": "Feature",
      "properties": {
        "block_id": "PBLK-08-01",
        "mine_id": "MINE-001",
        "center_lat": 21.518205000000002,
        "center_lon": 79.694165,
        "dist_to_fault_km": 2.01,
        "ndvi": 0.52,
        "lst_c": 30.1,
        "sar_coherence": 0.81,
        "prospectivity_score": 0.02,
        "prospectivity_category": "Insufficient evidence",
        "synthetic_training_label": 0
      },
      "geometry": {
        "type": "Polygon",
        "coordinates": [
          [
            [
              79.69283,
              21.51687
            ],
            [
              79.6955,
              21.51687
            ],
            [
              79.6955,
              21.51954
            ],
            [
              79.69283,
              21.51954
            ],
            [
              79.69283,
              21.51687
            ]
          ]
        ]
      }
    },
    {
      "type": "Feature",
      "properties": {
        "block_id": "PBLK-08-02",
        "mine_id": "MINE-001",
        "center_lat": 21.520865,
        "center_lon": 79.694165,
        "dist_to_fault_km": 1.72,
        "ndvi": 0.48,
        "lst_c": 32.8,
        "sar_coherence": 0.79,
        "prospectivity_score": 0.02,
        "prospectivity_category": "Insufficient evidence",
        "synthetic_training_label": 0
      },
      "geometry": {
        "type": "Polygon",
        "coordinates": [
          [
            [
              79.69283,
              21.51953
            ],
            [
              79.6955,
              21.51953
            ],
            [
              79.6955,
              21.5222
            ],
            [
              79.69283,
              21.5222
            ],
            [
              79.69283,
              21.51953
            ]
          ]
        ]
      }
    },
    {
      "type": "Feature",
      "properties": {
        "block_id": "PBLK-08-03",
        "mine_id": "MINE-001",
        "center_lat": 21.523535000000003,
        "center_lon": 79.694165,
        "dist_to_fault_km": 1.42,
        "ndvi": 0.43,
        "lst_c": 33.4,
        "sar_coherence": 0.6,
        "prospectivity_score": 0.199,
        "prospectivity_category": "Insufficient evidence",
        "synthetic_training_label": 0
      },
      "geometry": {
        "type": "Polygon",
        "coordinates": [
          [
            [
              79.69283,
              21.5222
            ],
            [
              79.6955,
              21.5222
            ],
            [
              79.6955,
              21.52487
            ],
            [
              79.69283,
              21.52487
            ],
            [
              79.69283,
              21.5222
            ]
          ]
        ]
      }
    },
    {
      "type": "Feature",
      "properties": {
        "block_id": "PBLK-08-04",
        "mine_id": "MINE-001",
        "center_lat": 21.526204999999997,
        "center_lon": 79.694165,
        "dist_to_fault_km": 1.12,
        "ndvi": 0.58,
        "lst_c": 30.6,
        "sar_coherence": 0.63,
        "prospectivity_score": 0.306,
        "prospectivity_category": "Low",
        "synthetic_training_label": 0
      },
      "geometry": {
        "type": "Polygon",
        "coordinates": [
          [
            [
              79.69283,
              21.52487
            ],
            [
              79.6955,
              21.52487
            ],
            [
              79.6955,
              21.52754
            ],
            [
              79.69283,
              21.52754
            ],
            [
              79.69283,
              21.52487
            ]
          ]
        ]
      }
    },
    {
      "type": "Feature",
      "properties": {
        "block_id": "PBLK-08-05",
        "mine_id": "MINE-001",
        "center_lat": 21.528865,
        "center_lon": 79.694165,
        "dist_to_fault_km": 0.83,
        "ndvi": 0.52,
        "lst_c": 32.2,
        "sar_coherence": 0.61,
        "prospectivity_score": 0.412,
        "prospectivity_category": "Medium",
        "synthetic_training_label": 0
      },
      "geometry": {
        "type": "Polygon",
        "coordinates": [
          [
            [
              79.69283,
              21.52753
            ],
            [
              79.6955,
              21.52753
            ],
            [
              79.6955,
              21.5302
            ],
            [
              79.69283,
              21.5302
            ],
            [
              79.69283,
              21.52753
            ]
          ]
        ]
      }
    },
    {
      "type": "Feature",
      "properties": {
        "block_id": "PBLK-08-06",
        "mine_id": "MINE-001",
        "center_lat": 21.531534999999998,
        "center_lon": 79.694165,
        "dist_to_fault_km": 0.53,
        "ndvi": 0.56,
        "lst_c": 33.4,
        "sar_coherence": 0.82,
        "prospectivity_score": 0.561,
        "prospectivity_category": "Medium",
        "synthetic_training_label": 0
      },
      "geometry": {
        "type": "Polygon",
        "coordinates": [
          [
            [
              79.69283,
              21.5302
            ],
            [
              79.6955,
              21.5302
            ],
            [
              79.6955,
              21.53287
            ],
            [
              79.69283,
              21.53287
            ],
            [
              79.69283,
              21.5302
            ]
          ]
        ]
      }
    },
    {
      "type": "Feature",
      "properties": {
        "block_id": "PBLK-08-07",
        "mine_id": "MINE-001",
        "center_lat": 21.534205,
        "center_lon": 79.694165,
        "dist_to_fault_km": 0.24,
        "ndvi": 0.42,
        "lst_c": 31.4,
        "sar_coherence": 0.85,
        "prospectivity_score": 0.772,
        "prospectivity_category": "High",
        "synthetic_training_label": 1
      },
      "geometry": {
        "type": "Polygon",
        "coordinates": [
          [
            [
              79.69283,
              21.53287
            ],
            [
              79.6955,
              21.53287
            ],
            [
              79.6955,
              21.53554
            ],
            [
              79.69283,
              21.53554
            ],
            [
              79.69283,
              21.53287
            ]
          ]
        ]
      }
    },
    {
      "type": "Feature",
      "properties": {
        "block_id": "PBLK-08-08",
        "mine_id": "MINE-001",
        "center_lat": 21.536865,
        "center_lon": 79.694165,
        "dist_to_fault_km": 0.06,
        "ndvi": 0.6,
        "lst_c": 32.5,
        "sar_coherence": 0.6,
        "prospectivity_score": 0.98,
        "prospectivity_category": "High",
        "synthetic_training_label": 1
      },
      "geometry": {
        "type": "Polygon",
        "coordinates": [
          [
            [
              79.69283,
              21.53553
            ],
            [
              79.6955,
              21.53553
            ],
            [
              79.6955,
              21.5382
            ],
            [
              79.69283,
              21.5382
            ],
            [
              79.69283,
              21.53553
            ]
          ]
        ]
      }
    },
    {
      "type": "Feature",
      "properties": {
        "block_id": "PBLK-08-09",
        "mine_id": "MINE-001",
        "center_lat": 21.539535,
        "center_lon": 79.694165,
        "dist_to_fault_km": 0.36,
        "ndvi": 0.52,
        "lst_c": 30.4,
        "sar_coherence": 0.88,
        "prospectivity_score": 0.753,
        "prospectivity_category": "High",
        "synthetic_training_label": 1
      },
      "geometry": {
        "type": "Polygon",
        "coordinates": [
          [
            [
              79.69283,
              21.5382
            ],
            [
              79.6955,
              21.5382
            ],
            [
              79.6955,
              21.54087
            ],
            [
              79.69283,
              21.54087
            ],
            [
              79.69283,
              21.5382
            ]
          ]
        ]
      }
    },
    {
      "type": "Feature",
      "properties": {
        "block_id": "PBLK-08-10",
        "mine_id": "MINE-001",
        "center_lat": 21.542205000000003,
        "center_lon": 79.694165,
        "dist_to_fault_km": 0.65,
        "ndvi": 0.58,
        "lst_c": 33.9,
        "sar_coherence": 0.83,
        "prospectivity_score": 0.541,
        "prospectivity_category": "Medium",
        "synthetic_training_label": 0
      },
      "geometry": {
        "type": "Polygon",
        "coordinates": [
          [
            [
              79.69283,
              21.54087
            ],
            [
              79.6955,
              21.54087
            ],
            [
              79.6955,
              21.54354
            ],
            [
              79.69283,
              21.54354
            ],
            [
              79.69283,
              21.54087
            ]
          ]
        ]
      }
    },
    {
      "type": "Feature",
      "properties": {
        "block_id": "PBLK-08-11",
        "mine_id": "MINE-001",
        "center_lat": 21.544865,
        "center_lon": 79.694165,
        "dist_to_fault_km": 0.95,
        "ndvi": 0.53,
        "lst_c": 32.8,
        "sar_coherence": 0.9,
        "prospectivity_score": 0.56,
        "prospectivity_category": "Medium",
        "synthetic_training_label": 1
      },
      "geometry": {
        "type": "Polygon",
        "coordinates": [
          [
            [
              79.69283,
              21.54353
            ],
            [
              79.6955,
              21.54353
            ],
            [
              79.6955,
              21.5462
            ],
            [
              79.69283,
              21.5462
            ],
            [
              79.69283,
              21.54353
            ]
          ]
        ]
      }
    },
    {
      "type": "Feature",
      "properties": {
        "block_id": "PBLK-08-12",
        "mine_id": "MINE-001",
        "center_lat": 21.547535,
        "center_lon": 79.694165,
        "dist_to_fault_km": 1.24,
        "ndvi": 0.55,
        "lst_c": 33.9,
        "sar_coherence": 0.86,
        "prospectivity_score": 0.361,
        "prospectivity_category": "Low",
        "synthetic_training_label": 0
      },
      "geometry": {
        "type": "Polygon",
        "coordinates": [
          [
            [
              79.69283,
              21.5462
            ],
            [
              79.6955,
              21.5462
            ],
            [
              79.6955,
              21.54887
            ],
            [
              79.69283,
              21.54887
            ],
            [
              79.69283,
              21.5462
            ]
          ]
        ]
      }
    },
    {
      "type": "Feature",
      "properties": {
        "block_id": "PBLK-08-13",
        "mine_id": "MINE-001",
        "center_lat": 21.550205,
        "center_lon": 79.694165,
        "dist_to_fault_km": 1.54,
        "ndvi": 0.57,
        "lst_c": 32.2,
        "sar_coherence": 0.77,
        "prospectivity_score": 0.255,
        "prospectivity_category": "Low",
        "synthetic_training_label": 0
      },
      "geometry": {
        "type": "Polygon",
        "coordinates": [
          [
            [
              79.69283,
              21.54887
            ],
            [
              79.6955,
              21.54887
            ],
            [
              79.6955,
              21.55154
            ],
            [
              79.69283,
              21.55154
            ],
            [
              79.69283,
              21.54887
            ]
          ]
        ]
      }
    },
    {
      "type": "Feature",
      "properties": {
        "block_id": "PBLK-08-14",
        "mine_id": "MINE-001",
        "center_lat": 21.552865,
        "center_lon": 79.694165,
        "dist_to_fault_km": 1.84,
        "ndvi": 0.51,
        "lst_c": 30.2,
        "sar_coherence": 0.78,
        "prospectivity_score": 0.02,
        "prospectivity_category": "Insufficient evidence",
        "synthetic_training_label": 0
      },
      "geometry": {
        "type": "Polygon",
        "coordinates": [
          [
            [
              79.69283,
              21.55153
            ],
            [
              79.6955,
              21.55153
            ],
            [
              79.6955,
              21.5542
            ],
            [
              79.69283,
              21.5542
            ],
            [
              79.69283,
              21.55153
            ]
          ]
        ]
      }
    },
    {
      "type": "Feature",
      "properties": {
        "block_id": "PBLK-09-00",
        "mine_id": "MINE-001",
        "center_lat": 21.515535,
        "center_lon": 79.696835,
        "dist_to_fault_km": 2.55,
        "ndvi": 0.52,
        "lst_c": 33.0,
        "sar_coherence": 0.65,
        "prospectivity_score": 0.02,
        "prospectivity_category": "Insufficient evidence",
        "synthetic_training_label": 0
      },
      "geometry": {
        "type": "Polygon",
        "coordinates": [
          [
            [
              79.6955,
              21.5142
            ],
            [
              79.69817,
              21.5142
            ],
            [
              79.69817,
              21.51687
            ],
            [
              79.6955,
              21.51687
            ],
            [
              79.6955,
              21.5142
            ]
          ]
        ]
      }
    },
    {
      "type": "Feature",
      "properties": {
        "block_id": "PBLK-09-01",
        "mine_id": "MINE-001",
        "center_lat": 21.518205000000002,
        "center_lon": 79.696835,
        "dist_to_fault_km": 2.25,
        "ndvi": 0.42,
        "lst_c": 34.9,
        "sar_coherence": 0.72,
        "prospectivity_score": 0.02,
        "prospectivity_category": "Insufficient evidence",
        "synthetic_training_label": 0
      },
      "geometry": {
        "type": "Polygon",
        "coordinates": [
          [
            [
              79.6955,
              21.51687
            ],
            [
              79.69817,
              21.51687
            ],
            [
              79.69817,
              21.51954
            ],
            [
              79.6955,
              21.51954
            ],
            [
              79.6955,
              21.51687
            ]
          ]
        ]
      }
    },
    {
      "type": "Feature",
      "properties": {
        "block_id": "PBLK-09-02",
        "mine_id": "MINE-001",
        "center_lat": 21.520865,
        "center_lon": 79.696835,
        "dist_to_fault_km": 1.95,
        "ndvi": 0.53,
        "lst_c": 33.0,
        "sar_coherence": 0.79,
        "prospectivity_score": 0.02,
        "prospectivity_category": "Insufficient evidence",
        "synthetic_training_label": 0
      },
      "geometry": {
        "type": "Polygon",
        "coordinates": [
          [
            [
              79.6955,
              21.51953
            ],
            [
              79.69817,
              21.51953
            ],
            [
              79.69817,
              21.5222
            ],
            [
              79.6955,
              21.5222
            ],
            [
              79.6955,
              21.51953
            ]
          ]
        ]
      }
    },
    {
      "type": "Feature",
      "properties": {
        "block_id": "PBLK-09-03",
        "mine_id": "MINE-001",
        "center_lat": 21.523535000000003,
        "center_lon": 79.696835,
        "dist_to_fault_km": 1.66,
        "ndvi": 0.42,
        "lst_c": 34.5,
        "sar_coherence": 0.72,
        "prospectivity_score": 0.02,
        "prospectivity_category": "Insufficient evidence",
        "synthetic_training_label": 0
      },
      "geometry": {
        "type": "Polygon",
        "coordinates": [
          [
            [
              79.6955,
              21.5222
            ],
            [
              79.69817,
              21.5222
            ],
            [
              79.69817,
              21.52487
            ],
            [
              79.6955,
              21.52487
            ],
            [
              79.6955,
              21.5222
            ]
          ]
        ]
      }
    },
    {
      "type": "Feature",
      "properties": {
        "block_id": "PBLK-09-04",
        "mine_id": "MINE-001",
        "center_lat": 21.526204999999997,
        "center_lon": 79.696835,
        "dist_to_fault_km": 1.36,
        "ndvi": 0.48,
        "lst_c": 34.3,
        "sar_coherence": 0.88,
        "prospectivity_score": 0.151,
        "prospectivity_category": "Insufficient evidence",
        "synthetic_training_label": 0
      },
      "geometry": {
        "type": "Polygon",
        "coordinates": [
          [
            [
              79.6955,
              21.52487
            ],
            [
              79.69817,
              21.52487
            ],
            [
              79.69817,
              21.52754
            ],
            [
              79.6955,
              21.52754
            ],
            [
              79.6955,
              21.52487
            ]
          ]
        ]
      }
    },
    {
      "type": "Feature",
      "properties": {
        "block_id": "PBLK-09-05",
        "mine_id": "MINE-001",
        "center_lat": 21.528865,
        "center_lon": 79.696835,
        "dist_to_fault_km": 1.07,
        "ndvi": 0.46,
        "lst_c": 34.3,
        "sar_coherence": 0.83,
        "prospectivity_score": 0.206,
        "prospectivity_category": "Low",
        "synthetic_training_label": 0
      },
      "geometry": {
        "type": "Polygon",
        "coordinates": [
          [
            [
              79.6955,
              21.52753
            ],
            [
              79.69817,
              21.52753
            ],
            [
              79.69817,
              21.5302
            ],
            [
              79.6955,
              21.5302
            ],
            [
              79.6955,
              21.52753
            ]
          ]
        ]
      }
    },
    {
      "type": "Feature",
      "properties": {
        "block_id": "PBLK-09-06",
        "mine_id": "MINE-001",
        "center_lat": 21.531534999999998,
        "center_lon": 79.696835,
        "dist_to_fault_km": 0.77,
        "ndvi": 0.4,
        "lst_c": 32.8,
        "sar_coherence": 0.7,
        "prospectivity_score": 0.407,
        "prospectivity_category": "Medium",
        "synthetic_training_label": 1
      },
      "geometry": {
        "type": "Polygon",
        "coordinates": [
          [
            [
              79.6955,
              21.5302
            ],
            [
              79.69817,
              21.5302
            ],
            [
              79.69817,
              21.53287
            ],
            [
              79.6955,
              21.53287
            ],
            [
              79.6955,
              21.5302
            ]
          ]
        ]
      }
    },
    {
      "type": "Feature",
      "properties": {
        "block_id": "PBLK-09-07",
        "mine_id": "MINE-001",
        "center_lat": 21.534205,
        "center_lon": 79.696835,
        "dist_to_fault_km": 0.47,
        "ndvi": 0.46,
        "lst_c": 33.2,
        "sar_coherence": 0.86,
        "prospectivity_score": 0.76,
        "prospectivity_category": "High",
        "synthetic_training_label": 1
      },
      "geometry": {
        "type": "Polygon",
        "coordinates": [
          [
            [
              79.6955,
              21.53287
            ],
            [
              79.69817,
              21.53287
            ],
            [
              79.69817,
              21.53554
            ],
            [
              79.6955,
              21.53554
            ],
            [
              79.6955,
              21.53287
            ]
          ]
        ]
      }
    },
    {
      "type": "Feature",
      "properties": {
        "block_id": "PBLK-09-08",
        "mine_id": "MINE-001",
        "center_lat": 21.536865,
        "center_lon": 79.696835,
        "dist_to_fault_km": 0.18,
        "ndvi": 0.45,
        "lst_c": 32.6,
        "sar_coherence": 0.74,
        "prospectivity_score": 0.977,
        "prospectivity_category": "High",
        "synthetic_training_label": 1
      },
      "geometry": {
        "type": "Polygon",
        "coordinates": [
          [
            [
              79.6955,
              21.53553
            ],
            [
              79.69817,
              21.53553
            ],
            [
              79.69817,
              21.5382
            ],
            [
              79.6955,
              21.5382
            ],
            [
              79.6955,
              21.53553
            ]
          ]
        ]
      }
    },
    {
      "type": "Feature",
      "properties": {
        "block_id": "PBLK-09-09",
        "mine_id": "MINE-001",
        "center_lat": 21.539535,
        "center_lon": 79.696835,
        "dist_to_fault_km": 0.12,
        "ndvi": 0.4,
        "lst_c": 32.8,
        "sar_coherence": 0.8,
        "prospectivity_score": 0.955,
        "prospectivity_category": "High",
        "synthetic_training_label": 1
      },
      "geometry": {
        "type": "Polygon",
        "coordinates": [
          [
            [
              79.6955,
              21.5382
            ],
            [
              79.69817,
              21.5382
            ],
            [
              79.69817,
              21.54087
            ],
            [
              79.6955,
              21.54087
            ],
            [
              79.6955,
              21.5382
            ]
          ]
        ]
      }
    },
    {
      "type": "Feature",
      "properties": {
        "block_id": "PBLK-09-10",
        "mine_id": "MINE-001",
        "center_lat": 21.542205000000003,
        "center_lon": 79.696835,
        "dist_to_fault_km": 0.41,
        "ndvi": 0.51,
        "lst_c": 30.3,
        "sar_coherence": 0.63,
        "prospectivity_score": 0.874,
        "prospectivity_category": "High",
        "synthetic_training_label": 1
      },
      "geometry": {
        "type": "Polygon",
        "coordinates": [
          [
            [
              79.6955,
              21.54087
            ],
            [
              79.69817,
              21.54087
            ],
            [
              79.69817,
              21.54354
            ],
            [
              79.6955,
              21.54354
            ],
            [
              79.6955,
              21.54087
            ]
          ]
        ]
      }
    },
    {
      "type": "Feature",
      "properties": {
        "block_id": "PBLK-09-11",
        "mine_id": "MINE-001",
        "center_lat": 21.544865,
        "center_lon": 79.696835,
        "dist_to_fault_km": 0.71,
        "ndvi": 0.45,
        "lst_c": 30.4,
        "sar_coherence": 0.73,
        "prospectivity_score": 0.621,
        "prospectivity_category": "Medium",
        "synthetic_training_label": 1
      },
      "geometry": {
        "type": "Polygon",
        "coordinates": [
          [
            [
              79.6955,
              21.54353
            ],
            [
              79.69817,
              21.54353
            ],
            [
              79.69817,
              21.5462
            ],
            [
              79.6955,
              21.5462
            ],
            [
              79.6955,
              21.54353
            ]
          ]
        ]
      }
    },
    {
      "type": "Feature",
      "properties": {
        "block_id": "PBLK-09-12",
        "mine_id": "MINE-001",
        "center_lat": 21.547535,
        "center_lon": 79.696835,
        "dist_to_fault_km": 1.01,
        "ndvi": 0.54,
        "lst_c": 33.2,
        "sar_coherence": 0.7,
        "prospectivity_score": 0.241,
        "prospectivity_category": "Low",
        "synthetic_training_label": 0
      },
      "geometry": {
        "type": "Polygon",
        "coordinates": [
          [
            [
              79.6955,
              21.5462
            ],
            [
              79.69817,
              21.5462
            ],
            [
              79.69817,
              21.54887
            ],
            [
              79.6955,
              21.54887
            ],
            [
              79.6955,
              21.5462
            ]
          ]
        ]
      }
    },
    {
      "type": "Feature",
      "properties": {
        "block_id": "PBLK-09-13",
        "mine_id": "MINE-001",
        "center_lat": 21.550205,
        "center_lon": 79.696835,
        "dist_to_fault_km": 1.3,
        "ndvi": 0.55,
        "lst_c": 33.2,
        "sar_coherence": 0.79,
        "prospectivity_score": 0.266,
        "prospectivity_category": "Low",
        "synthetic_training_label": 0
      },
      "geometry": {
        "type": "Polygon",
        "coordinates": [
          [
            [
              79.6955,
              21.54887
            ],
            [
              79.69817,
              21.54887
            ],
            [
              79.69817,
              21.55154
            ],
            [
              79.6955,
              21.55154
            ],
            [
              79.6955,
              21.54887
            ]
          ]
        ]
      }
    },
    {
      "type": "Feature",
      "properties": {
        "block_id": "PBLK-09-14",
        "mine_id": "MINE-001",
        "center_lat": 21.552865,
        "center_lon": 79.696835,
        "dist_to_fault_km": 1.6,
        "ndvi": 0.54,
        "lst_c": 31.9,
        "sar_coherence": 0.88,
        "prospectivity_score": 0.02,
        "prospectivity_category": "Insufficient evidence",
        "synthetic_training_label": 0
      },
      "geometry": {
        "type": "Polygon",
        "coordinates": [
          [
            [
              79.6955,
              21.55153
            ],
            [
              79.69817,
              21.55153
            ],
            [
              79.69817,
              21.5542
            ],
            [
              79.6955,
              21.5542
            ],
            [
              79.6955,
              21.55153
            ]
          ]
        ]
      }
    },
    {
      "type": "Feature",
      "properties": {
        "block_id": "PBLK-10-00",
        "mine_id": "MINE-001",
        "center_lat": 21.515535,
        "center_lon": 79.699505,
        "dist_to_fault_km": 2.78,
        "ndvi": 0.56,
        "lst_c": 32.9,
        "sar_coherence": 0.68,
        "prospectivity_score": 0.02,
        "prospectivity_category": "Insufficient evidence",
        "synthetic_training_label": 0
      },
      "geometry": {
        "type": "Polygon",
        "coordinates": [
          [
            [
              79.69817,
              21.5142
            ],
            [
              79.70084,
              21.5142
            ],
            [
              79.70084,
              21.51687
            ],
            [
              79.69817,
              21.51687
            ],
            [
              79.69817,
              21.5142
            ]
          ]
        ]
      }
    },
    {
      "type": "Feature",
      "properties": {
        "block_id": "PBLK-10-01",
        "mine_id": "MINE-001",
        "center_lat": 21.518205000000002,
        "center_lon": 79.699505,
        "dist_to_fault_km": 2.49,
        "ndvi": 0.5,
        "lst_c": 31.5,
        "sar_coherence": 0.75,
        "prospectivity_score": 0.02,
        "prospectivity_category": "Insufficient evidence",
        "synthetic_training_label": 0
      },
      "geometry": {
        "type": "Polygon",
        "coordinates": [
          [
            [
              79.69817,
              21.51687
            ],
            [
              79.70084,
              21.51687
            ],
            [
              79.70084,
              21.51954
            ],
            [
              79.69817,
              21.51954
            ],
            [
              79.69817,
              21.51687
            ]
          ]
        ]
      }
    },
    {
      "type": "Feature",
      "properties": {
        "block_id": "PBLK-10-02",
        "mine_id": "MINE-001",
        "center_lat": 21.520865,
        "center_lon": 79.699505,
        "dist_to_fault_km": 2.19,
        "ndvi": 0.43,
        "lst_c": 34.9,
        "sar_coherence": 0.63,
        "prospectivity_score": 0.02,
        "prospectivity_category": "Insufficient evidence",
        "synthetic_training_label": 0
      },
      "geometry": {
        "type": "Polygon",
        "coordinates": [
          [
            [
              79.69817,
              21.51953
            ],
            [
              79.70084,
              21.51953
            ],
            [
              79.70084,
              21.5222
            ],
            [
              79.69817,
              21.5222
            ],
            [
              79.69817,
              21.51953
            ]
          ]
        ]
      }
    },
    {
      "type": "Feature",
      "properties": {
        "block_id": "PBLK-10-03",
        "mine_id": "MINE-001",
        "center_lat": 21.523535000000003,
        "center_lon": 79.699505,
        "dist_to_fault_km": 1.89,
        "ndvi": 0.49,
        "lst_c": 33.2,
        "sar_coherence": 0.7,
        "prospectivity_score": 0.02,
        "prospectivity_category": "Insufficient evidence",
        "synthetic_training_label": 0
      },
      "geometry": {
        "type": "Polygon",
        "coordinates": [
          [
            [
              79.69817,
              21.5222
            ],
            [
              79.70084,
              21.5222
            ],
            [
              79.70084,
              21.52487
            ],
            [
              79.69817,
              21.52487
            ],
            [
              79.69817,
              21.5222
            ]
          ]
        ]
      }
    },
    {
      "type": "Feature",
      "properties": {
        "block_id": "PBLK-10-04",
        "mine_id": "MINE-001",
        "center_lat": 21.526204999999997,
        "center_lon": 79.699505,
        "dist_to_fault_km": 1.6,
        "ndvi": 0.46,
        "lst_c": 32.9,
        "sar_coherence": 0.75,
        "prospectivity_score": 0.056,
        "prospectivity_category": "Insufficient evidence",
        "synthetic_training_label": 0
      },
      "geometry": {
        "type": "Polygon",
        "coordinates": [
          [
            [
              79.69817,
              21.52487
            ],
            [
              79.70084,
              21.52487
            ],
            [
              79.70084,
              21.52754
            ],
            [
              79.69817,
              21.52754
            ],
            [
              79.69817,
              21.52487
            ]
          ]
        ]
      }
    },
    {
      "type": "Feature",
      "properties": {
        "block_id": "PBLK-10-05",
        "mine_id": "MINE-001",
        "center_lat": 21.528865,
        "center_lon": 79.699505,
        "dist_to_fault_km": 1.3,
        "ndvi": 0.47,
        "lst_c": 30.4,
        "sar_coherence": 0.62,
        "prospectivity_score": 0.084,
        "prospectivity_category": "Insufficient evidence",
        "synthetic_training_label": 0
      },
      "geometry": {
        "type": "Polygon",
        "coordinates": [
          [
            [
              79.69817,
              21.52753
            ],
            [
              79.70084,
              21.52753
            ],
            [
              79.70084,
              21.5302
            ],
            [
              79.69817,
              21.5302
            ],
            [
              79.69817,
              21.52753
            ]
          ]
        ]
      }
    },
    {
      "type": "Feature",
      "properties": {
        "block_id": "PBLK-10-06",
        "mine_id": "MINE-001",
        "center_lat": 21.531534999999998,
        "center_lon": 79.699505,
        "dist_to_fault_km": 1.01,
        "ndvi": 0.41,
        "lst_c": 30.5,
        "sar_coherence": 0.84,
        "prospectivity_score": 0.445,
        "prospectivity_category": "Medium",
        "synthetic_training_label": 0
      },
      "geometry": {
        "type": "Polygon",
        "coordinates": [
          [
            [
              79.69817,
              21.5302
            ],
            [
              79.70084,
              21.5302
            ],
            [
              79.70084,
              21.53287
            ],
            [
              79.69817,
              21.53287
            ],
            [
              79.69817,
              21.5302
            ]
          ]
        ]
      }
    },
    {
      "type": "Feature",
      "properties": {
        "block_id": "PBLK-10-07",
        "mine_id": "MINE-001",
        "center_lat": 21.534205,
        "center_lon": 79.699505,
        "dist_to_fault_km": 0.71,
        "ndvi": 0.57,
        "lst_c": 32.4,
        "sar_coherence": 0.69,
        "prospectivity_score": 0.582,
        "prospectivity_category": "Medium",
        "synthetic_training_label": 0
      },
      "geometry": {
        "type": "Polygon",
        "coordinates": [
          [
            [
              79.69817,
              21.53287
            ],
            [
              79.70084,
              21.53287
            ],
            [
              79.70084,
              21.53554
            ],
            [
              79.69817,
              21.53554
            ],
            [
              79.69817,
              21.53287
            ]
          ]
        ]
      }
    },
    {
      "type": "Feature",
      "properties": {
        "block_id": "PBLK-10-08",
        "mine_id": "MINE-001",
        "center_lat": 21.536865,
        "center_lon": 79.699505,
        "dist_to_fault_km": 0.42,
        "ndvi": 0.5,
        "lst_c": 31.9,
        "sar_coherence": 0.77,
        "prospectivity_score": 0.727,
        "prospectivity_category": "High",
        "synthetic_training_label": 1
      },
      "geometry": {
        "type": "Polygon",
        "coordinates": [
          [
            [
              79.69817,
              21.53553
            ],
            [
              79.70084,
              21.53553
            ],
            [
              79.70084,
              21.5382
            ],
            [
              79.69817,
              21.5382
            ],
            [
              79.69817,
              21.53553
            ]
          ]
        ]
      }
    },
    {
      "type": "Feature",
      "properties": {
        "block_id": "PBLK-10-09",
        "mine_id": "MINE-001",
        "center_lat": 21.539535,
        "center_lon": 79.699505,
        "dist_to_fault_km": 0.12,
        "ndvi": 0.54,
        "lst_c": 31.8,
        "sar_coherence": 0.85,
        "prospectivity_score": 0.779,
        "prospectivity_category": "High",
        "synthetic_training_label": 1
      },
      "geometry": {
        "type": "Polygon",
        "coordinates": [
          [
            [
              79.69817,
              21.5382
            ],
            [
              79.70084,
              21.5382
            ],
            [
              79.70084,
              21.54087
            ],
            [
              79.69817,
              21.54087
            ],
            [
              79.69817,
              21.5382
            ]
          ]
        ]
      }
    },
    {
      "type": "Feature",
      "properties": {
        "block_id": "PBLK-10-10",
        "mine_id": "MINE-001",
        "center_lat": 21.542205000000003,
        "center_lon": 79.699505,
        "dist_to_fault_km": 0.18,
        "ndvi": 0.49,
        "lst_c": 33.6,
        "sar_coherence": 0.63,
        "prospectivity_score": 0.82,
        "prospectivity_category": "High",
        "synthetic_training_label": 1
      },
      "geometry": {
        "type": "Polygon",
        "coordinates": [
          [
            [
              79.69817,
              21.54087
            ],
            [
              79.70084,
              21.54087
            ],
            [
              79.70084,
              21.54354
            ],
            [
              79.69817,
              21.54354
            ],
            [
              79.69817,
              21.54087
            ]
          ]
        ]
      }
    },
    {
      "type": "Feature",
      "properties": {
        "block_id": "PBLK-10-11",
        "mine_id": "MINE-001",
        "center_lat": 21.544865,
        "center_lon": 79.699505,
        "dist_to_fault_km": 0.47,
        "ndvi": 0.44,
        "lst_c": 30.7,
        "sar_coherence": 0.69,
        "prospectivity_score": 0.754,
        "prospectivity_category": "High",
        "synthetic_training_label": 1
      },
      "geometry": {
        "type": "Polygon",
        "coordinates": [
          [
            [
              79.69817,
              21.54353
            ],
            [
              79.70084,
              21.54353
            ],
            [
              79.70084,
              21.5462
            ],
            [
              79.69817,
              21.5462
            ],
            [
              79.69817,
              21.54353
            ]
          ]
        ]
      }
    },
    {
      "type": "Feature",
      "properties": {
        "block_id": "PBLK-10-12",
        "mine_id": "MINE-001",
        "center_lat": 21.547535,
        "center_lon": 79.699505,
        "dist_to_fault_km": 0.77,
        "ndvi": 0.45,
        "lst_c": 32.3,
        "sar_coherence": 0.61,
        "prospectivity_score": 0.594,
        "prospectivity_category": "Medium",
        "synthetic_training_label": 1
      },
      "geometry": {
        "type": "Polygon",
        "coordinates": [
          [
            [
              79.69817,
              21.5462
            ],
            [
              79.70084,
              21.5462
            ],
            [
              79.70084,
              21.54887
            ],
            [
              79.69817,
              21.54887
            ],
            [
              79.69817,
              21.5462
            ]
          ]
        ]
      }
    },
    {
      "type": "Feature",
      "properties": {
        "block_id": "PBLK-10-13",
        "mine_id": "MINE-001",
        "center_lat": 21.550205,
        "center_lon": 79.699505,
        "dist_to_fault_km": 1.07,
        "ndvi": 0.5,
        "lst_c": 34.1,
        "sar_coherence": 0.76,
        "prospectivity_score": 0.467,
        "prospectivity_category": "Medium",
        "synthetic_training_label": 1
      },
      "geometry": {
        "type": "Polygon",
        "coordinates": [
          [
            [
              79.69817,
              21.54887
            ],
            [
              79.70084,
              21.54887
            ],
            [
              79.70084,
              21.55154
            ],
            [
              79.69817,
              21.55154
            ],
            [
              79.69817,
              21.54887
            ]
          ]
        ]
      }
    },
    {
      "type": "Feature",
      "properties": {
        "block_id": "PBLK-10-14",
        "mine_id": "MINE-001",
        "center_lat": 21.552865,
        "center_lon": 79.699505,
        "dist_to_fault_km": 1.36,
        "ndvi": 0.41,
        "lst_c": 31.6,
        "sar_coherence": 0.77,
        "prospectivity_score": 0.028,
        "prospectivity_category": "Insufficient evidence",
        "synthetic_training_label": 0
      },
      "geometry": {
        "type": "Polygon",
        "coordinates": [
          [
            [
              79.69817,
              21.55153
            ],
            [
              79.70084,
              21.55153
            ],
            [
              79.70084,
              21.5542
            ],
            [
              79.69817,
              21.5542
            ],
            [
              79.69817,
              21.55153
            ]
          ]
        ]
      }
    },
    {
      "type": "Feature",
      "properties": {
        "block_id": "PBLK-11-00",
        "mine_id": "MINE-001",
        "center_lat": 21.515535,
        "center_lon": 79.70216500000001,
        "dist_to_fault_km": 3.02,
        "ndvi": 0.44,
        "lst_c": 34.6,
        "sar_coherence": 0.86,
        "prospectivity_score": 0.02,
        "prospectivity_category": "Insufficient evidence",
        "synthetic_training_label": 0
      },
      "geometry": {
        "type": "Polygon",
        "coordinates": [
          [
            [
              79.70083,
              21.5142
            ],
            [
              79.7035,
              21.5142
            ],
            [
              79.7035,
              21.51687
            ],
            [
              79.70083,
              21.51687
            ],
            [
              79.70083,
              21.5142
            ]
          ]
        ]
      }
    },
    {
      "type": "Feature",
      "properties": {
        "block_id": "PBLK-11-01",
        "mine_id": "MINE-001",
        "center_lat": 21.518205000000002,
        "center_lon": 79.70216500000001,
        "dist_to_fault_km": 2.72,
        "ndvi": 0.55,
        "lst_c": 32.0,
        "sar_coherence": 0.75,
        "prospectivity_score": 0.02,
        "prospectivity_category": "Insufficient evidence",
        "synthetic_training_label": 0
      },
      "geometry": {
        "type": "Polygon",
        "coordinates": [
          [
            [
              79.70083,
              21.51687
            ],
            [
              79.7035,
              21.51687
            ],
            [
              79.7035,
              21.51954
            ],
            [
              79.70083,
              21.51954
            ],
            [
              79.70083,
              21.51687
            ]
          ]
        ]
      }
    },
    {
      "type": "Feature",
      "properties": {
        "block_id": "PBLK-11-02",
        "mine_id": "MINE-001",
        "center_lat": 21.520865,
        "center_lon": 79.70216500000001,
        "dist_to_fault_km": 2.43,
        "ndvi": 0.5,
        "lst_c": 30.2,
        "sar_coherence": 0.64,
        "prospectivity_score": 0.02,
        "prospectivity_category": "Insufficient evidence",
        "synthetic_training_label": 0
      },
      "geometry": {
        "type": "Polygon",
        "coordinates": [
          [
            [
              79.70083,
              21.51953
            ],
            [
              79.7035,
              21.51953
            ],
            [
              79.7035,
              21.5222
            ],
            [
              79.70083,
              21.5222
            ],
            [
              79.70083,
              21.51953
            ]
          ]
        ]
      }
    },
    {
      "type": "Feature",
      "properties": {
        "block_id": "PBLK-11-03",
        "mine_id": "MINE-001",
        "center_lat": 21.523535000000003,
        "center_lon": 79.70216500000001,
        "dist_to_fault_km": 2.13,
        "ndvi": 0.58,
        "lst_c": 33.8,
        "sar_coherence": 0.73,
        "prospectivity_score": 0.02,
        "prospectivity_category": "Insufficient evidence",
        "synthetic_training_label": 0
      },
      "geometry": {
        "type": "Polygon",
        "coordinates": [
          [
            [
              79.70083,
              21.5222
            ],
            [
              79.7035,
              21.5222
            ],
            [
              79.7035,
              21.52487
            ],
            [
              79.70083,
              21.52487
            ],
            [
              79.70083,
              21.5222
            ]
          ]
        ]
      }
    },
    {
      "type": "Feature",
      "properties": {
        "block_id": "PBLK-11-04",
        "mine_id": "MINE-001",
        "center_lat": 21.526204999999997,
        "center_lon": 79.70216500000001,
        "dist_to_fault_km": 1.83,
        "ndvi": 0.55,
        "lst_c": 33.9,
        "sar_coherence": 0.83,
        "prospectivity_score": 0.02,
        "prospectivity_category": "Insufficient evidence",
        "synthetic_training_label": 0
      },
      "geometry": {
        "type": "Polygon",
        "coordinates": [
          [
            [
              79.70083,
              21.52487
            ],
            [
              79.7035,
              21.52487
            ],
            [
              79.7035,
              21.52754
            ],
            [
              79.70083,
              21.52754
            ],
            [
              79.70083,
              21.52487
            ]
          ]
        ]
      }
    },
    {
      "type": "Feature",
      "properties": {
        "block_id": "PBLK-11-05",
        "mine_id": "MINE-001",
        "center_lat": 21.528865,
        "center_lon": 79.70216500000001,
        "dist_to_fault_km": 1.54,
        "ndvi": 0.54,
        "lst_c": 31.0,
        "sar_coherence": 0.7,
        "prospectivity_score": 0.1,
        "prospectivity_category": "Insufficient evidence",
        "synthetic_training_label": 0
      },
      "geometry": {
        "type": "Polygon",
        "coordinates": [
          [
            [
              79.70083,
              21.52753
            ],
            [
              79.7035,
              21.52753
            ],
            [
              79.7035,
              21.5302
            ],
            [
              79.70083,
              21.5302
            ],
            [
              79.70083,
              21.52753
            ]
          ]
        ]
      }
    },
    {
      "type": "Feature",
      "properties": {
        "block_id": "PBLK-11-06",
        "mine_id": "MINE-001",
        "center_lat": 21.531534999999998,
        "center_lon": 79.70216500000001,
        "dist_to_fault_km": 1.24,
        "ndvi": 0.55,
        "lst_c": 31.6,
        "sar_coherence": 0.64,
        "prospectivity_score": 0.091,
        "prospectivity_category": "Insufficient evidence",
        "synthetic_training_label": 0
      },
      "geometry": {
        "type": "Polygon",
        "coordinates": [
          [
            [
              79.70083,
              21.5302
            ],
            [
              79.7035,
              21.5302
            ],
            [
              79.7035,
              21.53287
            ],
            [
              79.70083,
              21.53287
            ],
            [
              79.70083,
              21.5302
            ]
          ]
        ]
      }
    },
    {
      "type": "Feature",
      "properties": {
        "block_id": "PBLK-11-07",
        "mine_id": "MINE-001",
        "center_lat": 21.534205,
        "center_lon": 79.70216500000001,
        "dist_to_fault_km": 0.95,
        "ndvi": 0.6,
        "lst_c": 31.1,
        "sar_coherence": 0.78,
        "prospectivity_score": 0.403,
        "prospectivity_category": "Medium",
        "synthetic_training_label": 0
      },
      "geometry": {
        "type": "Polygon",
        "coordinates": [
          [
            [
              79.70083,
              21.53287
            ],
            [
              79.7035,
              21.53287
            ],
            [
              79.7035,
              21.53554
            ],
            [
              79.70083,
              21.53554
            ],
            [
              79.70083,
              21.53287
            ]
          ]
        ]
      }
    },
    {
      "type": "Feature",
      "properties": {
        "block_id": "PBLK-11-08",
        "mine_id": "MINE-001",
        "center_lat": 21.536865,
        "center_lon": 79.70216500000001,
        "dist_to_fault_km": 0.65,
        "ndvi": 0.54,
        "lst_c": 32.6,
        "sar_coherence": 0.86,
        "prospectivity_score": 0.549,
        "prospectivity_category": "Medium",
        "synthetic_training_label": 0
      },
      "geometry": {
        "type": "Polygon",
        "coordinates": [
          [
            [
              79.70083,
              21.53553
            ],
            [
              79.7035,
              21.53553
            ],
            [
              79.7035,
              21.5382
            ],
            [
              79.70083,
              21.5382
            ],
            [
              79.70083,
              21.53553
            ]
          ]
        ]
      }
    },
    {
      "type": "Feature",
      "properties": {
        "block_id": "PBLK-11-09",
        "mine_id": "MINE-001",
        "center_lat": 21.539535,
        "center_lon": 79.70216500000001,
        "dist_to_fault_km": 0.35,
        "ndvi": 0.46,
        "lst_c": 30.4,
        "sar_coherence": 0.88,
        "prospectivity_score": 0.778,
        "prospectivity_category": "High",
        "synthetic_training_label": 1
      },
      "geometry": {
        "type": "Polygon",
        "coordinates": [
          [
            [
              79.70083,
              21.5382
            ],
            [
              79.7035,
              21.5382
            ],
            [
              79.7035,
              21.54087
            ],
            [
              79.70083,
              21.54087
            ],
            [
              79.70083,
              21.5382
            ]
          ]
        ]
      }
    },
    {
      "type": "Feature",
      "properties": {
        "block_id": "PBLK-11-10",
        "mine_id": "MINE-001",
        "center_lat": 21.542205000000003,
        "center_lon": 79.70216500000001,
        "dist_to_fault_km": 0.06,
        "ndvi": 0.56,
        "lst_c": 31.6,
        "sar_coherence": 0.81,
        "prospectivity_score": 0.98,
        "prospectivity_category": "High",
        "synthetic_training_label": 1
      },
      "geometry": {
        "type": "Polygon",
        "coordinates": [
          [
            [
              79.70083,
              21.54087
            ],
            [
              79.7035,
              21.54087
            ],
            [
              79.7035,
              21.54354
            ],
            [
              79.70083,
              21.54354
            ],
            [
              79.70083,
              21.54087
            ]
          ]
        ]
      }
    },
    {
      "type": "Feature",
      "properties": {
        "block_id": "PBLK-11-11",
        "mine_id": "MINE-001",
        "center_lat": 21.544865,
        "center_lon": 79.70216500000001,
        "dist_to_fault_km": 0.24,
        "ndvi": 0.43,
        "lst_c": 31.5,
        "sar_coherence": 0.64,
        "prospectivity_score": 0.706,
        "prospectivity_category": "High",
        "synthetic_training_label": 1
      },
      "geometry": {
        "type": "Polygon",
        "coordinates": [
          [
            [
              79.70083,
              21.54353
            ],
            [
              79.7035,
              21.54353
            ],
            [
              79.7035,
              21.5462
            ],
            [
              79.70083,
              21.5462
            ],
            [
              79.70083,
              21.54353
            ]
          ]
        ]
      }
    },
    {
      "type": "Feature",
      "properties": {
        "block_id": "PBLK-11-12",
        "mine_id": "MINE-001",
        "center_lat": 21.547535,
        "center_lon": 79.70216500000001,
        "dist_to_fault_km": 0.53,
        "ndvi": 0.59,
        "lst_c": 32.6,
        "sar_coherence": 0.76,
        "prospectivity_score": 0.634,
        "prospectivity_category": "Medium",
        "synthetic_training_label": 1
      },
      "geometry": {
        "type": "Polygon",
        "coordinates": [
          [
            [
              79.70083,
              21.5462
            ],
            [
              79.7035,
              21.5462
            ],
            [
              79.7035,
              21.54887
            ],
            [
              79.70083,
              21.54887
            ],
            [
              79.70083,
              21.5462
            ]
          ]
        ]
      }
    },
    {
      "type": "Feature",
      "properties": {
        "block_id": "PBLK-11-13",
        "mine_id": "MINE-001",
        "center_lat": 21.550205,
        "center_lon": 79.70216500000001,
        "dist_to_fault_km": 0.83,
        "ndvi": 0.47,
        "lst_c": 32.4,
        "sar_coherence": 0.78,
        "prospectivity_score": 0.553,
        "prospectivity_category": "Medium",
        "synthetic_training_label": 0
      },
      "geometry": {
        "type": "Polygon",
        "coordinates": [
          [
            [
              79.70083,
              21.54887
            ],
            [
              79.7035,
              21.54887
            ],
            [
              79.7035,
              21.55154
            ],
            [
              79.70083,
              21.55154
            ],
            [
              79.70083,
              21.54887
            ]
          ]
        ]
      }
    },
    {
      "type": "Feature",
      "properties": {
        "block_id": "PBLK-11-14",
        "mine_id": "MINE-001",
        "center_lat": 21.552865,
        "center_lon": 79.70216500000001,
        "dist_to_fault_km": 1.12,
        "ndvi": 0.48,
        "lst_c": 34.8,
        "sar_coherence": 0.72,
        "prospectivity_score": 0.491,
        "prospectivity_category": "Medium",
        "synthetic_training_label": 1
      },
      "geometry": {
        "type": "Polygon",
        "coordinates": [
          [
            [
              79.70083,
              21.55153
            ],
            [
              79.7035,
              21.55153
            ],
            [
              79.7035,
              21.5542
            ],
            [
              79.70083,
              21.5542
            ],
            [
              79.70083,
              21.55153
            ]
          ]
        ]
      }
    },
    {
      "type": "Feature",
      "properties": {
        "block_id": "PBLK-12-00",
        "mine_id": "MINE-001",
        "center_lat": 21.515535,
        "center_lon": 79.704835,
        "dist_to_fault_km": 3.26,
        "ndvi": 0.52,
        "lst_c": 33.5,
        "sar_coherence": 0.89,
        "prospectivity_score": 0.02,
        "prospectivity_category": "Insufficient evidence",
        "synthetic_training_label": 0
      },
      "geometry": {
        "type": "Polygon",
        "coordinates": [
          [
            [
              79.7035,
              21.5142
            ],
            [
              79.70617,
              21.5142
            ],
            [
              79.70617,
              21.51687
            ],
            [
              79.7035,
              21.51687
            ],
            [
              79.7035,
              21.5142
            ]
          ]
        ]
      }
    },
    {
      "type": "Feature",
      "properties": {
        "block_id": "PBLK-12-01",
        "mine_id": "MINE-001",
        "center_lat": 21.518205000000002,
        "center_lon": 79.704835,
        "dist_to_fault_km": 2.96,
        "ndvi": 0.5,
        "lst_c": 31.3,
        "sar_coherence": 0.83,
        "prospectivity_score": 0.02,
        "prospectivity_category": "Insufficient evidence",
        "synthetic_training_label": 0
      },
      "geometry": {
        "type": "Polygon",
        "coordinates": [
          [
            [
              79.7035,
              21.51687
            ],
            [
              79.70617,
              21.51687
            ],
            [
              79.70617,
              21.51954
            ],
            [
              79.7035,
              21.51954
            ],
            [
              79.7035,
              21.51687
            ]
          ]
        ]
      }
    },
    {
      "type": "Feature",
      "properties": {
        "block_id": "PBLK-12-02",
        "mine_id": "MINE-001",
        "center_lat": 21.520865,
        "center_lon": 79.704835,
        "dist_to_fault_km": 2.66,
        "ndvi": 0.51,
        "lst_c": 33.3,
        "sar_coherence": 0.7,
        "prospectivity_score": 0.02,
        "prospectivity_category": "Insufficient evidence",
        "synthetic_training_label": 0
      },
      "geometry": {
        "type": "Polygon",
        "coordinates": [
          [
            [
              79.7035,
              21.51953
            ],
            [
              79.70617,
              21.51953
            ],
            [
              79.70617,
              21.5222
            ],
            [
              79.7035,
              21.5222
            ],
            [
              79.7035,
              21.51953
            ]
          ]
        ]
      }
    },
    {
      "type": "Feature",
      "properties": {
        "block_id": "PBLK-12-03",
        "mine_id": "MINE-001",
        "center_lat": 21.523535000000003,
        "center_lon": 79.704835,
        "dist_to_fault_km": 2.37,
        "ndvi": 0.48,
        "lst_c": 31.0,
        "sar_coherence": 0.89,
        "prospectivity_score": 0.02,
        "prospectivity_category": "Insufficient evidence",
        "synthetic_training_label": 0
      },
      "geometry": {
        "type": "Polygon",
        "coordinates": [
          [
            [
              79.7035,
              21.5222
            ],
            [
              79.70617,
              21.5222
            ],
            [
              79.70617,
              21.52487
            ],
            [
              79.7035,
              21.52487
            ],
            [
              79.7035,
              21.5222
            ]
          ]
        ]
      }
    },
    {
      "type": "Feature",
      "properties": {
        "block_id": "PBLK-12-04",
        "mine_id": "MINE-001",
        "center_lat": 21.526204999999997,
        "center_lon": 79.704835,
        "dist_to_fault_km": 2.07,
        "ndvi": 0.5,
        "lst_c": 33.7,
        "sar_coherence": 0.72,
        "prospectivity_score": 0.02,
        "prospectivity_category": "Insufficient evidence",
        "synthetic_training_label": 0
      },
      "geometry": {
        "type": "Polygon",
        "coordinates": [
          [
            [
              79.7035,
              21.52487
            ],
            [
              79.70617,
              21.52487
            ],
            [
              79.70617,
              21.52754
            ],
            [
              79.7035,
              21.52754
            ],
            [
              79.7035,
              21.52487
            ]
          ]
        ]
      }
    },
    {
      "type": "Feature",
      "properties": {
        "block_id": "PBLK-12-05",
        "mine_id": "MINE-001",
        "center_lat": 21.528865,
        "center_lon": 79.704835,
        "dist_to_fault_km": 1.78,
        "ndvi": 0.48,
        "lst_c": 32.7,
        "sar_coherence": 0.76,
        "prospectivity_score": 0.02,
        "prospectivity_category": "Insufficient evidence",
        "synthetic_training_label": 0
      },
      "geometry": {
        "type": "Polygon",
        "coordinates": [
          [
            [
              79.7035,
              21.52753
            ],
            [
              79.70617,
              21.52753
            ],
            [
              79.70617,
              21.5302
            ],
            [
              79.7035,
              21.5302
            ],
            [
              79.7035,
              21.52753
            ]
          ]
        ]
      }
    },
    {
      "type": "Feature",
      "properties": {
        "block_id": "PBLK-12-06",
        "mine_id": "MINE-001",
        "center_lat": 21.531534999999998,
        "center_lon": 79.704835,
        "dist_to_fault_km": 1.48,
        "ndvi": 0.5,
        "lst_c": 30.7,
        "sar_coherence": 0.75,
        "prospectivity_score": 0.02,
        "prospectivity_category": "Insufficient evidence",
        "synthetic_training_label": 0
      },
      "geometry": {
        "type": "Polygon",
        "coordinates": [
          [
            [
              79.7035,
              21.5302
            ],
            [
              79.70617,
              21.5302
            ],
            [
              79.70617,
              21.53287
            ],
            [
              79.7035,
              21.53287
            ],
            [
              79.7035,
              21.5302
            ]
          ]
        ]
      }
    },
    {
      "type": "Feature",
      "properties": {
        "block_id": "PBLK-12-07",
        "mine_id": "MINE-001",
        "center_lat": 21.534205,
        "center_lon": 79.704835,
        "dist_to_fault_km": 1.18,
        "ndvi": 0.59,
        "lst_c": 33.0,
        "sar_coherence": 0.8,
        "prospectivity_score": 0.285,
        "prospectivity_category": "Low",
        "synthetic_training_label": 0
      },
      "geometry": {
        "type": "Polygon",
        "coordinates": [
          [
            [
              79.7035,
              21.53287
            ],
            [
              79.70617,
              21.53287
            ],
            [
              79.70617,
              21.53554
            ],
            [
              79.7035,
              21.53554
            ],
            [
              79.7035,
              21.53287
            ]
          ]
        ]
      }
    },
    {
      "type": "Feature",
      "properties": {
        "block_id": "PBLK-12-08",
        "mine_id": "MINE-001",
        "center_lat": 21.536865,
        "center_lon": 79.704835,
        "dist_to_fault_km": 0.89,
        "ndvi": 0.58,
        "lst_c": 33.2,
        "sar_coherence": 0.83,
        "prospectivity_score": 0.462,
        "prospectivity_category": "Medium",
        "synthetic_training_label": 0
      },
      "geometry": {
        "type": "Polygon",
        "coordinates": [
          [
            [
              79.7035,
              21.53553
            ],
            [
              79.70617,
              21.53553
            ],
            [
              79.70617,
              21.5382
            ],
            [
              79.7035,
              21.5382
            ],
            [
              79.7035,
              21.53553
            ]
          ]
        ]
      }
    },
    {
      "type": "Feature",
      "properties": {
        "block_id": "PBLK-12-09",
        "mine_id": "MINE-001",
        "center_lat": 21.539535,
        "center_lon": 79.704835,
        "dist_to_fault_km": 0.59,
        "ndvi": 0.57,
        "lst_c": 30.9,
        "sar_coherence": 0.68,
        "prospectivity_score": 0.677,
        "prospectivity_category": "Medium",
        "synthetic_training_label": 1
      },
      "geometry": {
        "type": "Polygon",
        "coordinates": [
          [
            [
              79.7035,
              21.5382
            ],
            [
              79.70617,
              21.5382
            ],
            [
              79.70617,
              21.54087
            ],
            [
              79.7035,
              21.54087
            ],
            [
              79.7035,
              21.5382
            ]
          ]
        ]
      }
    },
    {
      "type": "Feature",
      "properties": {
        "block_id": "PBLK-12-10",
        "mine_id": "MINE-001",
        "center_lat": 21.542205000000003,
        "center_lon": 79.704835,
        "dist_to_fault_km": 0.3,
        "ndvi": 0.46,
        "lst_c": 31.4,
        "sar_coherence": 0.86,
        "prospectivity_score": 0.813,
        "prospectivity_category": "High",
        "synthetic_training_label": 1
      },
      "geometry": {
        "type": "Polygon",
        "coordinates": [
          [
            [
              79.7035,
              21.54087
            ],
            [
              79.70617,
              21.54087
            ],
            [
              79.70617,
              21.54354
            ],
            [
              79.7035,
              21.54354
            ],
            [
              79.7035,
              21.54087
            ]
          ]
        ]
      }
    },
    {
      "type": "Feature",
      "properties": {
        "block_id": "PBLK-12-11",
        "mine_id": "MINE-001",
        "center_lat": 21.544865,
        "center_lon": 79.704835,
        "dist_to_fault_km": 0.0,
        "ndvi": 0.45,
        "lst_c": 34.0,
        "sar_coherence": 0.77,
        "prospectivity_score": 0.931,
        "prospectivity_category": "High",
        "synthetic_training_label": 1
      },
      "geometry": {
        "type": "Polygon",
        "coordinates": [
          [
            [
              79.7035,
              21.54353
            ],
            [
              79.70617,
              21.54353
            ],
            [
              79.70617,
              21.5462
            ],
            [
              79.7035,
              21.5462
            ],
            [
              79.7035,
              21.54353
            ]
          ]
        ]
      }
    },
    {
      "type": "Feature",
      "properties": {
        "block_id": "PBLK-12-12",
        "mine_id": "MINE-001",
        "center_lat": 21.547535,
        "center_lon": 79.704835,
        "dist_to_fault_km": 0.3,
        "ndvi": 0.4,
        "lst_c": 32.1,
        "sar_coherence": 0.72,
        "prospectivity_score": 0.771,
        "prospectivity_category": "High",
        "synthetic_training_label": 1
      },
      "geometry": {
        "type": "Polygon",
        "coordinates": [
          [
            [
              79.7035,
              21.5462
            ],
            [
              79.70617,
              21.5462
            ],
            [
              79.70617,
              21.54887
            ],
            [
              79.7035,
              21.54887
            ],
            [
              79.7035,
              21.5462
            ]
          ]
        ]
      }
    },
    {
      "type": "Feature",
      "properties": {
        "block_id": "PBLK-12-13",
        "mine_id": "MINE-001",
        "center_lat": 21.550205,
        "center_lon": 79.704835,
        "dist_to_fault_km": 0.59,
        "ndvi": 0.54,
        "lst_c": 33.6,
        "sar_coherence": 0.6,
        "prospectivity_score": 0.671,
        "prospectivity_category": "Medium",
        "synthetic_training_label": 1
      },
      "geometry": {
        "type": "Polygon",
        "coordinates": [
          [
            [
              79.7035,
              21.54887
            ],
            [
              79.70617,
              21.54887
            ],
            [
              79.70617,
              21.55154
            ],
            [
              79.7035,
              21.55154
            ],
            [
              79.7035,
              21.54887
            ]
          ]
        ]
      }
    },
    {
      "type": "Feature",
      "properties": {
        "block_id": "PBLK-12-14",
        "mine_id": "MINE-001",
        "center_lat": 21.552865,
        "center_lon": 79.704835,
        "dist_to_fault_km": 0.89,
        "ndvi": 0.56,
        "lst_c": 34.5,
        "sar_coherence": 0.6,
        "prospectivity_score": 0.408,
        "prospectivity_category": "Medium",
        "synthetic_training_label": 1
      },
      "geometry": {
        "type": "Polygon",
        "coordinates": [
          [
            [
              79.7035,
              21.55153
            ],
            [
              79.70617,
              21.55153
            ],
            [
              79.70617,
              21.5542
            ],
            [
              79.7035,
              21.5542
            ],
            [
              79.7035,
              21.55153
            ]
          ]
        ]
      }
    },
    {
      "type": "Feature",
      "properties": {
        "block_id": "PBLK-13-00",
        "mine_id": "MINE-001",
        "center_lat": 21.515535,
        "center_lon": 79.707505,
        "dist_to_fault_km": 3.49,
        "ndvi": 0.59,
        "lst_c": 32.2,
        "sar_coherence": 0.78,
        "prospectivity_score": 0.02,
        "prospectivity_category": "Insufficient evidence",
        "synthetic_training_label": 0
      },
      "geometry": {
        "type": "Polygon",
        "coordinates": [
          [
            [
              79.70617,
              21.5142
            ],
            [
              79.70884,
              21.5142
            ],
            [
              79.70884,
              21.51687
            ],
            [
              79.70617,
              21.51687
            ],
            [
              79.70617,
              21.5142
            ]
          ]
        ]
      }
    },
    {
      "type": "Feature",
      "properties": {
        "block_id": "PBLK-13-01",
        "mine_id": "MINE-001",
        "center_lat": 21.518205000000002,
        "center_lon": 79.707505,
        "dist_to_fault_km": 3.2,
        "ndvi": 0.5,
        "lst_c": 34.7,
        "sar_coherence": 0.62,
        "prospectivity_score": 0.02,
        "prospectivity_category": "Insufficient evidence",
        "synthetic_training_label": 0
      },
      "geometry": {
        "type": "Polygon",
        "coordinates": [
          [
            [
              79.70617,
              21.51687
            ],
            [
              79.70884,
              21.51687
            ],
            [
              79.70884,
              21.51954
            ],
            [
              79.70617,
              21.51954
            ],
            [
              79.70617,
              21.51687
            ]
          ]
        ]
      }
    },
    {
      "type": "Feature",
      "properties": {
        "block_id": "PBLK-13-02",
        "mine_id": "MINE-001",
        "center_lat": 21.520865,
        "center_lon": 79.707505,
        "dist_to_fault_km": 2.9,
        "ndvi": 0.56,
        "lst_c": 32.9,
        "sar_coherence": 0.87,
        "prospectivity_score": 0.02,
        "prospectivity_category": "Insufficient evidence",
        "synthetic_training_label": 0
      },
      "geometry": {
        "type": "Polygon",
        "coordinates": [
          [
            [
              79.70617,
              21.51953
            ],
            [
              79.70884,
              21.51953
            ],
            [
              79.70884,
              21.5222
            ],
            [
              79.70617,
              21.5222
            ],
            [
              79.70617,
              21.51953
            ]
          ]
        ]
      }
    },
    {
      "type": "Feature",
      "properties": {
        "block_id": "PBLK-13-03",
        "mine_id": "MINE-001",
        "center_lat": 21.523535000000003,
        "center_lon": 79.707505,
        "dist_to_fault_km": 2.61,
        "ndvi": 0.59,
        "lst_c": 30.3,
        "sar_coherence": 0.72,
        "prospectivity_score": 0.02,
        "prospectivity_category": "Insufficient evidence",
        "synthetic_training_label": 0
      },
      "geometry": {
        "type": "Polygon",
        "coordinates": [
          [
            [
              79.70617,
              21.5222
            ],
            [
              79.70884,
              21.5222
            ],
            [
              79.70884,
              21.52487
            ],
            [
              79.70617,
              21.52487
            ],
            [
              79.70617,
              21.5222
            ]
          ]
        ]
      }
    },
    {
      "type": "Feature",
      "properties": {
        "block_id": "PBLK-13-04",
        "mine_id": "MINE-001",
        "center_lat": 21.526204999999997,
        "center_lon": 79.707505,
        "dist_to_fault_km": 2.31,
        "ndvi": 0.57,
        "lst_c": 30.6,
        "sar_coherence": 0.63,
        "prospectivity_score": 0.02,
        "prospectivity_category": "Insufficient evidence",
        "synthetic_training_label": 0
      },
      "geometry": {
        "type": "Polygon",
        "coordinates": [
          [
            [
              79.70617,
              21.52487
            ],
            [
              79.70884,
              21.52487
            ],
            [
              79.70884,
              21.52754
            ],
            [
              79.70617,
              21.52754
            ],
            [
              79.70617,
              21.52487
            ]
          ]
        ]
      }
    },
    {
      "type": "Feature",
      "properties": {
        "block_id": "PBLK-13-05",
        "mine_id": "MINE-001",
        "center_lat": 21.528865,
        "center_lon": 79.707505,
        "dist_to_fault_km": 2.01,
        "ndvi": 0.52,
        "lst_c": 32.7,
        "sar_coherence": 0.68,
        "prospectivity_score": 0.02,
        "prospectivity_category": "Insufficient evidence",
        "synthetic_training_label": 0
      },
      "geometry": {
        "type": "Polygon",
        "coordinates": [
          [
            [
              79.70617,
              21.52753
            ],
            [
              79.70884,
              21.52753
            ],
            [
              79.70884,
              21.5302
            ],
            [
              79.70617,
              21.5302
            ],
            [
              79.70617,
              21.52753
            ]
          ]
        ]
      }
    },
    {
      "type": "Feature",
      "properties": {
        "block_id": "PBLK-13-06",
        "mine_id": "MINE-001",
        "center_lat": 21.531534999999998,
        "center_lon": 79.707505,
        "dist_to_fault_km": 1.72,
        "ndvi": 0.48,
        "lst_c": 33.7,
        "sar_coherence": 0.74,
        "prospectivity_score": 0.041,
        "prospectivity_category": "Insufficient evidence",
        "synthetic_training_label": 0
      },
      "geometry": {
        "type": "Polygon",
        "coordinates": [
          [
            [
              79.70617,
              21.5302
            ],
            [
              79.70884,
              21.5302
            ],
            [
              79.70884,
              21.53287
            ],
            [
              79.70617,
              21.53287
            ],
            [
              79.70617,
              21.5302
            ]
          ]
        ]
      }
    },
    {
      "type": "Feature",
      "properties": {
        "block_id": "PBLK-13-07",
        "mine_id": "MINE-001",
        "center_lat": 21.534205,
        "center_lon": 79.707505,
        "dist_to_fault_km": 1.42,
        "ndvi": 0.42,
        "lst_c": 34.6,
        "sar_coherence": 0.74,
        "prospectivity_score": 0.129,
        "prospectivity_category": "Insufficient evidence",
        "synthetic_training_label": 0
      },
      "geometry": {
        "type": "Polygon",
        "coordinates": [
          [
            [
              79.70617,
              21.53287
            ],
            [
              79.70884,
              21.53287
            ],
            [
              79.70884,
              21.53554
            ],
            [
              79.70617,
              21.53554
            ],
            [
              79.70617,
              21.53287
            ]
          ]
        ]
      }
    },
    {
      "type": "Feature",
      "properties": {
        "block_id": "PBLK-13-08",
        "mine_id": "MINE-001",
        "center_lat": 21.536865,
        "center_lon": 79.707505,
        "dist_to_fault_km": 1.13,
        "ndvi": 0.4,
        "lst_c": 30.5,
        "sar_coherence": 0.75,
        "prospectivity_score": 0.262,
        "prospectivity_category": "Low",
        "synthetic_training_label": 0
      },
      "geometry": {
        "type": "Polygon",
        "coordinates": [
          [
            [
              79.70617,
              21.53553
            ],
            [
              79.70884,
              21.53553
            ],
            [
              79.70884,
              21.5382
            ],
            [
              79.70617,
              21.5382
            ],
            [
              79.70617,
              21.53553
            ]
          ]
        ]
      }
    },
    {
      "type": "Feature",
      "properties": {
        "block_id": "PBLK-13-09",
        "mine_id": "MINE-001",
        "center_lat": 21.539535,
        "center_lon": 79.707505,
        "dist_to_fault_km": 0.83,
        "ndvi": 0.47,
        "lst_c": 33.5,
        "sar_coherence": 0.81,
        "prospectivity_score": 0.612,
        "prospectivity_category": "Medium",
        "synthetic_training_label": 1
      },
      "geometry": {
        "type": "Polygon",
        "coordinates": [
          [
            [
              79.70617,
              21.5382
            ],
            [
              79.70884,
              21.5382
            ],
            [
              79.70884,
              21.54087
            ],
            [
              79.70617,
              21.54087
            ],
            [
              79.70617,
              21.5382
            ]
          ]
        ]
      }
    },
    {
      "type": "Feature",
      "properties": {
        "block_id": "PBLK-13-10",
        "mine_id": "MINE-001",
        "center_lat": 21.542205000000003,
        "center_lon": 79.707505,
        "dist_to_fault_km": 0.53,
        "ndvi": 0.5,
        "lst_c": 32.3,
        "sar_coherence": 0.66,
        "prospectivity_score": 0.675,
        "prospectivity_category": "Medium",
        "synthetic_training_label": 1
      },
      "geometry": {
        "type": "Polygon",
        "coordinates": [
          [
            [
              79.70617,
              21.54087
            ],
            [
              79.70884,
              21.54087
            ],
            [
              79.70884,
              21.54354
            ],
            [
              79.70617,
              21.54354
            ],
            [
              79.70617,
              21.54087
            ]
          ]
        ]
      }
    },
    {
      "type": "Feature",
      "properties": {
        "block_id": "PBLK-13-11",
        "mine_id": "MINE-001",
        "center_lat": 21.544865,
        "center_lon": 79.707505,
        "dist_to_fault_km": 0.24,
        "ndvi": 0.46,
        "lst_c": 30.2,
        "sar_coherence": 0.79,
        "prospectivity_score": 0.98,
        "prospectivity_category": "High",
        "synthetic_training_label": 1
      },
      "geometry": {
        "type": "Polygon",
        "coordinates": [
          [
            [
              79.70617,
              21.54353
            ],
            [
              79.70884,
              21.54353
            ],
            [
              79.70884,
              21.5462
            ],
            [
              79.70617,
              21.5462
            ],
            [
              79.70617,
              21.54353
            ]
          ]
        ]
      }
    },
    {
      "type": "Feature",
      "properties": {
        "block_id": "PBLK-13-12",
        "mine_id": "MINE-001",
        "center_lat": 21.547535,
        "center_lon": 79.707505,
        "dist_to_fault_km": 0.06,
        "ndvi": 0.55,
        "lst_c": 31.6,
        "sar_coherence": 0.67,
        "prospectivity_score": 0.899,
        "prospectivity_category": "High",
        "synthetic_training_label": 1
      },
      "geometry": {
        "type": "Polygon",
        "coordinates": [
          [
            [
              79.70617,
              21.5462
            ],
            [
              79.70884,
              21.5462
            ],
            [
              79.70884,
              21.54887
            ],
            [
              79.70617,
              21.54887
            ],
            [
              79.70617,
              21.5462
            ]
          ]
        ]
      }
    },
    {
      "type": "Feature",
      "properties": {
        "block_id": "PBLK-13-13",
        "mine_id": "MINE-001",
        "center_lat": 21.550205,
        "center_lon": 79.707505,
        "dist_to_fault_km": 0.36,
        "ndvi": 0.43,
        "lst_c": 33.9,
        "sar_coherence": 0.64,
        "prospectivity_score": 0.702,
        "prospectivity_category": "High",
        "synthetic_training_label": 1
      },
      "geometry": {
        "type": "Polygon",
        "coordinates": [
          [
            [
              79.70617,
              21.54887
            ],
            [
              79.70884,
              21.54887
            ],
            [
              79.70884,
              21.55154
            ],
            [
              79.70617,
              21.55154
            ],
            [
              79.70617,
              21.54887
            ]
          ]
        ]
      }
    },
    {
      "type": "Feature",
      "properties": {
        "block_id": "PBLK-13-14",
        "mine_id": "MINE-001",
        "center_lat": 21.552865,
        "center_lon": 79.707505,
        "dist_to_fault_km": 0.65,
        "ndvi": 0.53,
        "lst_c": 34.1,
        "sar_coherence": 0.61,
        "prospectivity_score": 0.646,
        "prospectivity_category": "Medium",
        "synthetic_training_label": 1
      },
      "geometry": {
        "type": "Polygon",
        "coordinates": [
          [
            [
              79.70617,
              21.55153
            ],
            [
              79.70884,
              21.55153
            ],
            [
              79.70884,
              21.5542
            ],
            [
              79.70617,
              21.5542
            ],
            [
              79.70617,
              21.55153
            ]
          ]
        ]
      }
    },
    {
      "type": "Feature",
      "properties": {
        "block_id": "PBLK-14-00",
        "mine_id": "MINE-001",
        "center_lat": 21.515535,
        "center_lon": 79.710165,
        "dist_to_fault_km": 3.73,
        "ndvi": 0.46,
        "lst_c": 31.4,
        "sar_coherence": 0.64,
        "prospectivity_score": 0.02,
        "prospectivity_category": "Insufficient evidence",
        "synthetic_training_label": 0
      },
      "geometry": {
        "type": "Polygon",
        "coordinates": [
          [
            [
              79.70883,
              21.5142
            ],
            [
              79.7115,
              21.5142
            ],
            [
              79.7115,
              21.51687
            ],
            [
              79.70883,
              21.51687
            ],
            [
              79.70883,
              21.5142
            ]
          ]
        ]
      }
    },
    {
      "type": "Feature",
      "properties": {
        "block_id": "PBLK-14-01",
        "mine_id": "MINE-001",
        "center_lat": 21.518205000000002,
        "center_lon": 79.710165,
        "dist_to_fault_km": 3.43,
        "ndvi": 0.5,
        "lst_c": 33.3,
        "sar_coherence": 0.71,
        "prospectivity_score": 0.02,
        "prospectivity_category": "Insufficient evidence",
        "synthetic_training_label": 0
      },
      "geometry": {
        "type": "Polygon",
        "coordinates": [
          [
            [
              79.70883,
              21.51687
            ],
            [
              79.7115,
              21.51687
            ],
            [
              79.7115,
              21.51954
            ],
            [
              79.70883,
              21.51954
            ],
            [
              79.70883,
              21.51687
            ]
          ]
        ]
      }
    },
    {
      "type": "Feature",
      "properties": {
        "block_id": "PBLK-14-02",
        "mine_id": "MINE-001",
        "center_lat": 21.520865,
        "center_lon": 79.710165,
        "dist_to_fault_km": 3.14,
        "ndvi": 0.54,
        "lst_c": 31.7,
        "sar_coherence": 0.69,
        "prospectivity_score": 0.02,
        "prospectivity_category": "Insufficient evidence",
        "synthetic_training_label": 0
      },
      "geometry": {
        "type": "Polygon",
        "coordinates": [
          [
            [
              79.70883,
              21.51953
            ],
            [
              79.7115,
              21.51953
            ],
            [
              79.7115,
              21.5222
            ],
            [
              79.70883,
              21.5222
            ],
            [
              79.70883,
              21.51953
            ]
          ]
        ]
      }
    },
    {
      "type": "Feature",
      "properties": {
        "block_id": "PBLK-14-03",
        "mine_id": "MINE-001",
        "center_lat": 21.523535000000003,
        "center_lon": 79.710165,
        "dist_to_fault_km": 2.84,
        "ndvi": 0.42,
        "lst_c": 32.1,
        "sar_coherence": 0.88,
        "prospectivity_score": 0.02,
        "prospectivity_category": "Insufficient evidence",
        "synthetic_training_label": 0
      },
      "geometry": {
        "type": "Polygon",
        "coordinates": [
          [
            [
              79.70883,
              21.5222
            ],
            [
              79.7115,
              21.5222
            ],
            [
              79.7115,
              21.52487
            ],
            [
              79.70883,
              21.52487
            ],
            [
              79.70883,
              21.5222
            ]
          ]
        ]
      }
    },
    {
      "type": "Feature",
      "properties": {
        "block_id": "PBLK-14-04",
        "mine_id": "MINE-001",
        "center_lat": 21.526204999999997,
        "center_lon": 79.710165,
        "dist_to_fault_km": 2.54,
        "ndvi": 0.54,
        "lst_c": 30.4,
        "sar_coherence": 0.85,
        "prospectivity_score": 0.02,
        "prospectivity_category": "Insufficient evidence",
        "synthetic_training_label": 0
      },
      "geometry": {
        "type": "Polygon",
        "coordinates": [
          [
            [
              79.70883,
              21.52487
            ],
            [
              79.7115,
              21.52487
            ],
            [
              79.7115,
              21.52754
            ],
            [
              79.70883,
              21.52754
            ],
            [
              79.70883,
              21.52487
            ]
          ]
        ]
      }
    },
    {
      "type": "Feature",
      "properties": {
        "block_id": "PBLK-14-05",
        "mine_id": "MINE-001",
        "center_lat": 21.528865,
        "center_lon": 79.710165,
        "dist_to_fault_km": 2.25,
        "ndvi": 0.56,
        "lst_c": 32.0,
        "sar_coherence": 0.67,
        "prospectivity_score": 0.02,
        "prospectivity_category": "Insufficient evidence",
        "synthetic_training_label": 0
      },
      "geometry": {
        "type": "Polygon",
        "coordinates": [
          [
            [
              79.70883,
              21.52753
            ],
            [
              79.7115,
              21.52753
            ],
            [
              79.7115,
              21.5302
            ],
            [
              79.70883,
              21.5302
            ],
            [
              79.70883,
              21.52753
            ]
          ]
        ]
      }
    },
    {
      "type": "Feature",
      "properties": {
        "block_id": "PBLK-14-06",
        "mine_id": "MINE-001",
        "center_lat": 21.531534999999998,
        "center_lon": 79.710165,
        "dist_to_fault_km": 1.95,
        "ndvi": 0.5,
        "lst_c": 32.7,
        "sar_coherence": 0.76,
        "prospectivity_score": 0.02,
        "prospectivity_category": "Insufficient evidence",
        "synthetic_training_label": 0
      },
      "geometry": {
        "type": "Polygon",
        "coordinates": [
          [
            [
              79.70883,
              21.5302
            ],
            [
              79.7115,
              21.5302
            ],
            [
              79.7115,
              21.53287
            ],
            [
              79.70883,
              21.53287
            ],
            [
              79.70883,
              21.5302
            ]
          ]
        ]
      }
    },
    {
      "type": "Feature",
      "properties": {
        "block_id": "PBLK-14-07",
        "mine_id": "MINE-001",
        "center_lat": 21.534205,
        "center_lon": 79.710165,
        "dist_to_fault_km": 1.66,
        "ndvi": 0.58,
        "lst_c": 34.4,
        "sar_coherence": 0.84,
        "prospectivity_score": 0.054,
        "prospectivity_category": "Insufficient evidence",
        "synthetic_training_label": 0
      },
      "geometry": {
        "type": "Polygon",
        "coordinates": [
          [
            [
              79.70883,
              21.53287
            ],
            [
              79.7115,
              21.53287
            ],
            [
              79.7115,
              21.53554
            ],
            [
              79.70883,
              21.53554
            ],
            [
              79.70883,
              21.53287
            ]
          ]
        ]
      }
    },
    {
      "type": "Feature",
      "properties": {
        "block_id": "PBLK-14-08",
        "mine_id": "MINE-001",
        "center_lat": 21.536865,
        "center_lon": 79.710165,
        "dist_to_fault_km": 1.36,
        "ndvi": 0.59,
        "lst_c": 30.5,
        "sar_coherence": 0.68,
        "prospectivity_score": 0.189,
        "prospectivity_category": "Insufficient evidence",
        "synthetic_training_label": 0
      },
      "geometry": {
        "type": "Polygon",
        "coordinates": [
          [
            [
              79.70883,
              21.53553
            ],
            [
              79.7115,
              21.53553
            ],
            [
              79.7115,
              21.5382
            ],
            [
              79.70883,
              21.5382
            ],
            [
              79.70883,
              21.53553
            ]
          ]
        ]
      }
    },
    {
      "type": "Feature",
      "properties": {
        "block_id": "PBLK-14-09",
        "mine_id": "MINE-001",
        "center_lat": 21.539535,
        "center_lon": 79.710165,
        "dist_to_fault_km": 1.07,
        "ndvi": 0.55,
        "lst_c": 30.7,
        "sar_coherence": 0.68,
        "prospectivity_score": 0.457,
        "prospectivity_category": "Medium",
        "synthetic_training_label": 1
      },
      "geometry": {
        "type": "Polygon",
        "coordinates": [
          [
            [
              79.70883,
              21.5382
            ],
            [
              79.7115,
              21.5382
            ],
            [
              79.7115,
              21.54087
            ],
            [
              79.70883,
              21.54087
            ],
            [
              79.70883,
              21.5382
            ]
          ]
        ]
      }
    },
    {
      "type": "Feature",
      "properties": {
        "block_id": "PBLK-14-10",
        "mine_id": "MINE-001",
        "center_lat": 21.542205000000003,
        "center_lon": 79.710165,
        "dist_to_fault_km": 0.77,
        "ndvi": 0.43,
        "lst_c": 31.8,
        "sar_coherence": 0.68,
        "prospectivity_score": 0.537,
        "prospectivity_category": "Medium",
        "synthetic_training_label": 1
      },
      "geometry": {
        "type": "Polygon",
        "coordinates": [
          [
            [
              79.70883,
              21.54087
            ],
            [
              79.7115,
              21.54087
            ],
            [
              79.7115,
              21.54354
            ],
            [
              79.70883,
              21.54354
            ],
            [
              79.70883,
              21.54087
            ]
          ]
        ]
      }
    },
    {
      "type": "Feature",
      "properties": {
        "block_id": "PBLK-14-11",
        "mine_id": "MINE-001",
        "center_lat": 21.544865,
        "center_lon": 79.710165,
        "dist_to_fault_km": 0.47,
        "ndvi": 0.47,
        "lst_c": 32.8,
        "sar_coherence": 0.63,
        "prospectivity_score": 0.821,
        "prospectivity_category": "High",
        "synthetic_training_label": 1
      },
      "geometry": {
        "type": "Polygon",
        "coordinates": [
          [
            [
              79.70883,
              21.54353
            ],
            [
              79.7115,
              21.54353
            ],
            [
              79.7115,
              21.5462
            ],
            [
              79.70883,
              21.5462
            ],
            [
              79.70883,
              21.54353
            ]
          ]
        ]
      }
    },
    {
      "type": "Feature",
      "properties": {
        "block_id": "PBLK-14-12",
        "mine_id": "MINE-001",
        "center_lat": 21.547535,
        "center_lon": 79.710165,
        "dist_to_fault_km": 0.18,
        "ndvi": 0.56,
        "lst_c": 31.8,
        "sar_coherence": 0.79,
        "prospectivity_score": 0.817,
        "prospectivity_category": "High",
        "synthetic_training_label": 1
      },
      "geometry": {
        "type": "Polygon",
        "coordinates": [
          [
            [
              79.70883,
              21.5462
            ],
            [
              79.7115,
              21.5462
            ],
            [
              79.7115,
              21.54887
            ],
            [
              79.70883,
              21.54887
            ],
            [
              79.70883,
              21.5462
            ]
          ]
        ]
      }
    },
    {
      "type": "Feature",
      "properties": {
        "block_id": "PBLK-14-13",
        "mine_id": "MINE-001",
        "center_lat": 21.550205,
        "center_lon": 79.710165,
        "dist_to_fault_km": 0.12,
        "ndvi": 0.58,
        "lst_c": 33.1,
        "sar_coherence": 0.73,
        "prospectivity_score": 0.858,
        "prospectivity_category": "High",
        "synthetic_training_label": 1
      },
      "geometry": {
        "type": "Polygon",
        "coordinates": [
          [
            [
              79.70883,
              21.54887
            ],
            [
              79.7115,
              21.54887
            ],
            [
              79.7115,
              21.55154
            ],
            [
              79.70883,
              21.55154
            ],
            [
              79.70883,
              21.54887
            ]
          ]
        ]
      }
    },
    {
      "type": "Feature",
      "properties": {
        "block_id": "PBLK-14-14",
        "mine_id": "MINE-001",
        "center_lat": 21.552865,
        "center_lon": 79.710165,
        "dist_to_fault_km": 0.41,
        "ndvi": 0.44,
        "lst_c": 34.7,
        "sar_coherence": 0.83,
        "prospectivity_score": 0.806,
        "prospectivity_category": "High",
        "synthetic_training_label": 1
      },
      "geometry": {
        "type": "Polygon",
        "coordinates": [
          [
            [
              79.70883,
              21.55153
            ],
            [
              79.7115,
              21.55153
            ],
            [
              79.7115,
              21.5542
            ],
            [
              79.70883,
              21.5542
            ],
            [
              79.70883,
              21.55153
            ]
          ]
        ]
      }
    }
  ]
}